RMSE,Rsquared,MAE,Model
42.7627812145706,NA,22.4452865811635,avNNet
37.9125186257799,NA,19.1518683829467,avNNet
40.1903822012975,NA,20.6365609498393,avNNet
41.1733024520745,NA,21.1731096017454,avNNet
37.3320793859358,NA,18.5197717025603,avNNet
43.8025429739652,NA,22.7679131147382,avNNet
43.7219038309876,NA,22.4764487379532,avNNet
43.1249854115742,NA,23.0567044841893,avNNet
40.8935254972792,NA,21.0097826699923,avNNet
46.8305324898719,NA,25.7492914860068,avNNet
42.3207341089692,NA,22.4846336117709,avNNet
42.0893408035415,NA,22.4184389883038,avNNet
40.9041679375194,NA,21.3320649877219,avNNet
42.41271496809,NA,22.181635486941,avNNet
41.547677133229,NA,21.7542959241694,avNNet
45.0694599583956,NA,23.9480661525519,avNNet
45.2925726659995,NA,24.1597070724503,avNNet
42.7555709143114,NA,21.8838511572238,avNNet
37.5157900967932,NA,19.2593444507749,avNNet
45.1668959293926,NA,24.1225368298056,avNNet
46.6374298153909,NA,24.8235201568338,avNNet
43.0184215837459,NA,22.7632181313328,avNNet
39.507978589338,NA,20.4317117954917,avNNet
42.5834064275243,NA,22.1431781293923,avNNet
44.2275073214298,NA,23.9024651308468,avNNet
42.7627812145706,NA,22.4452865811635,nnet
37.9125186257799,NA,19.1518683829467,nnet
40.1903822012975,NA,20.6365609498393,nnet
41.1733024520745,NA,21.1731096017454,nnet
37.3320793859358,NA,18.5197717025603,nnet
43.8025429739652,NA,22.7679131147382,nnet
43.7219038309876,NA,22.4764487379532,nnet
43.1249854115742,NA,23.0567044841893,nnet
40.8935254972792,NA,21.0097826699923,nnet
46.8305324898719,NA,25.7492914860068,nnet
42.3207341089692,NA,22.4846336117709,nnet
42.0893408035415,NA,22.4184389883038,nnet
40.9041679375194,NA,21.3320649877219,nnet
42.41271496809,NA,22.181635486941,nnet
41.547677133229,NA,21.7542959241694,nnet
45.0694599583956,NA,23.9480661525519,nnet
45.2925726659995,NA,24.1597070724503,nnet
42.7555709143114,NA,21.8838511572238,nnet
37.5157900967932,NA,19.2593444507749,nnet
45.1668959293926,NA,24.1225368298056,nnet
46.6374298153909,NA,24.8235201568338,nnet
43.0184215837459,NA,22.7632181313328,nnet
39.507978589338,NA,20.4317117954917,nnet
42.5834064275243,NA,22.1431781293923,nnet
44.2275073214298,NA,23.9024651308468,nnet
9.65280162678372,0.930629265340757,5.74739937810941,bagEarth
11.5228936377232,0.897165777694504,6.65894379738747,bagEarth
12.3507091417097,0.889560343240704,7.31904494141169,bagEarth
13.3566123058835,0.863476714189665,7.10877089677347,bagEarth
10.7280800603414,0.923583015921904,5.95991128379012,bagEarth
11.6202021263952,0.913677673971169,6.58076955867483,bagEarth
12.7332168782087,0.895714648405976,7.30204276510283,bagEarth
14.1050927375149,0.876843331164588,8.12041221355796,bagEarth
11.0229312498151,0.914759541977028,6.42677629384504,bagEarth
12.1143841571262,0.898162715016848,6.94422729320128,bagEarth
13.6527004020065,0.885854893988231,7.41346894590792,bagEarth
11.0428981697409,0.890619497178451,5.84629868036162,bagEarth
12.6548494777662,0.895070591774806,7.10453406781991,bagEarth
10.9467126324824,0.892668870245355,6.43384658360745,bagEarth
13.0541881402011,0.866778476408852,7.13278234822204,bagEarth
12.7494397858974,0.880934530845317,7.40337812091905,bagEarth
10.7045522792753,0.89526585907064,5.49521326223038,bagEarth
12.4097545903506,0.87855015578195,6.80366219012318,bagEarth
12.7758514773214,0.86966177907371,6.8257569103778,bagEarth
12.9497815216283,0.88560860670802,6.4533210278634,bagEarth
10.6782691335241,0.918665552051362,5.95998583262567,bagEarth
12.3757389795013,0.898048896624909,6.72229654462662,bagEarth
12.2962046111753,0.874989789786884,6.87891428216662,bagEarth
12.8153063880699,0.885574110340969,6.90111141365082,bagEarth
12.5063356636183,0.871775738056149,6.66963170418378,bagEarth
12.3318619663396,0.889541277178228,7.3187922889614,bagEarthGCV
11.993319763081,0.9073487952185,6.73918577475382,bagEarthGCV
11.7154739303293,0.904601514910779,6.64454341097044,bagEarthGCV
11.3751110014574,0.883261501521379,6.03299401966945,bagEarthGCV
12.217589103485,0.884796371849839,7.07622345315626,bagEarthGCV
10.842849349907,0.922222245551406,6.02146450850011,bagEarthGCV
13.4948502364507,0.887673418425578,7.62191739964612,bagEarthGCV
13.3980853281167,0.889501878724776,7.32358721883772,bagEarthGCV
9.44129370362224,0.933301236247199,5.58709771066898,bagEarthGCV
13.3943973471064,0.862780992109467,7.17715602343611,bagEarthGCV
11.3522005688683,0.917913391435331,6.6569308874209,bagEarthGCV
11.3352536823197,0.91110147117383,6.50615261716299,bagEarthGCV
12.4273742916745,0.899750704510952,7.00031223890993,bagEarthGCV
12.772575332138,0.880682198227748,7.45785904444857,bagEarthGCV
12.296889520079,0.878831150039949,6.61324591455528,bagEarthGCV
11.7868363134552,0.906811336518078,6.46331890506257,bagEarthGCV
12.2983370863787,0.876013240393496,6.54826072065525,bagEarthGCV
13.0763187184106,0.866260278997996,7.23565424171082,bagEarthGCV
12.2255415390212,0.88229575887575,6.74730908271236,bagEarthGCV
10.3821638883262,0.923668199162791,5.69785386264874,bagEarthGCV
12.1190257281417,0.896271615052449,6.586469586498,bagEarthGCV
10.8623972069044,0.893819329160205,6.25604335837894,bagEarthGCV
10.8635788985479,0.89177178152041,5.53886355053752,bagEarthGCV
12.4947620955057,0.894878994767811,6.25503476167327,bagEarthGCV
12.2459173232505,0.876000610925119,6.77816123215485,bagEarthGCV
13.8597878336351,0.861251112254299,8.05073690530855,earth
13.3180367566467,0.863271963056654,7.85648529377003,earth
12.7024161857109,0.882953704908659,7.72909194915866,earth
13.5801505163775,0.859151053835597,7.71178575560171,earth
12.9524337844512,0.887655099597776,6.96023731005951,earth
13.0758355501901,0.888151354510069,7.1081049087907,earth
14.0357243705216,0.872007573580301,8.22577483368519,earth
14.3995268918844,0.871421215876784,7.80041805572827,earth
13.1702288140155,0.880006658045821,7.59499554026425,earth
12.8143802760623,0.885604458984092,7.44466655816127,earth
14.4095973306427,0.87120353080871,7.70084486259429,earth
11.5389565506122,0.880131274755751,6.19581006206763,earth
13.3805748753772,0.881778124408423,8.00493703029184,earth
11.484967836083,0.881480640480274,6.65930133252168,earth
13.1495412766535,0.864802721102992,7.43764621570158,earth
12.7887959171665,0.880274489605833,7.49037323043922,earth
10.9013017602972,0.891146612002177,5.64426331458799,earth
12.5151701770299,0.876526234982179,7.07664405745855,earth
12.9433937684456,0.866024328115362,6.61394947406728,earth
12.9766102140404,0.885752878895371,6.44337209770137,earth
13.2796048890699,0.87275716532487,7.52947155067544,earth
13.2557254313509,0.88043439987393,6.84385365583671,earth
12.3887342362303,0.872992108524256,7.11734803423825,earth
13.2497422679004,0.878091523822395,7.06950909448493,earth
12.560075872191,0.870604472765793,6.75306049282159,earth
12.7024161857109,0.882953704908659,7.72909194915866,gcvEarth
13.0758355501901,0.888151354510069,7.1081049087907,gcvEarth
13.1702288140155,0.880006658045821,7.59499554026425,gcvEarth
11.5389565506122,0.880131274755751,6.19581006206763,gcvEarth
13.3180367566467,0.863271963056654,7.85648529377003,gcvEarth
12.9524337844512,0.887655099597776,6.96023731005951,gcvEarth
14.3995268918844,0.871421215876784,7.80041805572827,gcvEarth
14.4095973306427,0.87120353080871,7.70084486259429,gcvEarth
13.8597878336351,0.861251112254299,8.05073690530855,gcvEarth
13.5801505163775,0.859151053835597,7.71178575560171,gcvEarth
14.0357243705216,0.872007573580301,8.22577483368519,gcvEarth
12.8143802760623,0.885604458984092,7.44466655816127,gcvEarth
13.3805748753772,0.881778124408423,8.00493703029184,gcvEarth
12.7887959171665,0.880274489605833,7.49037323043922,gcvEarth
12.9433937684456,0.866024328115362,6.61394947406728,gcvEarth
13.2557254313509,0.88043439987393,6.84385365583671,gcvEarth
12.560075872191,0.870604472765793,6.75306049282159,gcvEarth
13.1495412766535,0.864802721102992,7.43764621570158,gcvEarth
12.5151701770299,0.876526234982179,7.07664405745855,gcvEarth
13.2796048890699,0.87275716532487,7.52947155067544,gcvEarth
13.2497422679004,0.878091523822395,7.06950909448493,gcvEarth
11.484967836083,0.881480640480274,6.65930133252168,gcvEarth
10.9013017602972,0.891146612002177,5.64426331458799,gcvEarth
12.9766102140404,0.885752878895371,6.44337209770137,gcvEarth
12.3887342362303,0.872992108524256,7.11734803423825,gcvEarth
12.1641515112331,0.901006554691873,8.57454543446952,bam
13.4752987846955,0.887491568028623,9.19596560894132,bam
11.8830215773517,0.896383288123849,8.61347124125024,bam
13.5356697589497,0.886264021540257,8.93428834504286,bam
12.4380499965517,0.898938464988506,8.58593730215459,bam
12.7998268520934,0.883080833531855,9.31910265557754,bam
12.1592818396081,0.897016714785229,8.2709269220325,bam
12.3659569804364,0.883332248110945,8.62917631127632,bam
10.9843577588365,0.890567901561648,8.09758072241742,bam
13.0129560194922,0.891203740974823,8.56978668832002,bam
12.2428428821772,0.884997007571586,8.75462563076675,bam
11.7515508722453,0.904339215392421,7.93447925453273,bam
12.2673091297961,0.881215647226455,8.61892820950293,bam
12.1557412416033,0.900675725096078,8.61234725840456,bam
12.167268407757,0.893617689263428,8.0944427124375,bam
11.7191863093886,0.899373486267883,8.29782643774835,bam
12.2508924320494,0.894447154888133,8.78074337077603,bam
12.1474602143519,0.88204684637533,8.59435091019561,bam
11.0570659232944,0.890599752488955,7.74247731076382,bam
12.4496966763086,0.889321753527952,8.4720765486486,bam
10.5243405031163,0.897359330771835,8.10444520771175,bam
11.7972473740942,0.885966146731934,8.5659774520964,bam
12.2449155151388,0.893247975203882,8.21580558271095,bam
12.0734083302027,0.886048176094327,8.63037204316751,bam
11.6671213691274,0.888023821687678,8.77503907495223,bam
12.1642300480334,0.901005095020797,8.57507649419492,gam
13.475296886174,0.887491594145052,9.19596955286308,gam
11.8831088176095,0.896381158407539,8.61388870969725,gam
13.5355934453346,0.886264935143879,8.93446834284246,gam
12.437983497873,0.89893921631911,8.58618329745494,gam
12.8000074391167,0.883079516874307,9.31979524691145,gam
12.159210877745,0.897018109518252,8.27120763270848,gam
12.3659509467699,0.883332366961228,8.62920158356119,gam
10.9846981219354,0.890562396528455,8.09841301184837,gam
13.0129498327385,0.891203828831047,8.56979654805958,gam
12.2428668423593,0.884996720554595,8.75480340968077,gam
11.7515409893564,0.904339364137782,7.93450743207391,gam
12.2673527237737,0.881214877702655,8.61903937720665,gam
12.1557392630474,0.900675407406208,8.61248776385147,gam
12.1672595242944,0.89361783517259,8.09446734039199,gam
11.7191884166697,0.899373460013533,8.29787082674501,gam
12.2509007319757,0.894447162914245,8.78088378256152,gam
12.1474602613416,0.882046896898509,8.59442622574034,gam
11.0571174732356,0.890598850399828,7.74259657417516,gam
12.4496949373712,0.88932154116712,8.47213107240575,gam
10.5243898616687,0.897358340252915,8.10453825847515,gam
11.7972510726425,0.885966078698616,8.56599919967772,gam
12.2448531865302,0.89324655342299,8.21633044253688,gam
12.0734624877593,0.886047367161406,8.63097712423002,gam
11.6673320300012,0.888020573206772,8.77549867484203,gam
33.3547603783073,0.178001470336865,25.8742180262622,bayesglm
35.1436635309069,0.190675869178562,26.2307208585858,bayesglm
33.7815200291249,0.218501754584792,25.4826669731143,bayesglm
30.7535474999749,0.135097836846672,25.251640734769,bayesglm
32.6403272307879,0.170693108157702,25.5942005521876,bayesglm
34.6085047395882,0.221098067048166,25.8027940260214,bayesglm
35.7992820024049,0.216820608564195,26.825962285015,bayesglm
35.9505820284679,0.215470942083682,26.3970604823845,bayesglm
32.9980038373642,0.178051490400166,26.6660215181609,bayesglm
32.9403698586829,0.169351664525286,25.7139109009311,bayesglm
35.6164304743736,0.184049417776255,25.8948101845928,bayesglm
34.2456384970452,0.190482568982739,26.1729752626023,bayesglm
34.1960453183125,0.187053087143092,27.3386665363499,bayesglm
32.8225778786767,0.211405542255565,25.6674589108925,bayesglm
32.5055668764555,0.155468970984064,25.7874627220337,bayesglm
33.3979539209833,0.188968288589387,25.6394158352161,bayesglm
32.4485578595319,0.152970735421782,26.7376775243559,bayesglm
32.4536885725123,0.177868082978796,25.7198834913141,bayesglm
32.5299582755217,0.163281732379316,25.6343159886008,bayesglm
33.4570258104363,0.194284805398805,25.7811090466427,bayesglm
33.069438259351,0.196955842528904,26.6876090765184,bayesglm
30.4529149284765,0.157133644854072,23.3070122784439,bayesglm
31.4787909358424,0.12592627344281,25.9392278604631,bayesglm
33.6798270040797,0.159371977618371,26.3409693369358,bayesglm
31.9048416989422,0.153637503011644,26.2508254467752,bayesglm
33.3547586011538,0.178001470336865,25.8742609624032,glm
35.1436449782528,0.190675869178562,26.2307547851975,glm
33.7814998814606,0.218501754584792,25.4826926424452,glm
30.7535673391213,0.135097836846672,25.2516926346948,glm
32.6403320747229,0.170693108157702,25.5942456218447,glm
34.6084850285739,0.221098067048166,25.8028259807088,glm
35.7992619070809,0.216820608564195,26.8259966211717,glm
35.9505544629135,0.215470942083682,26.3970859108726,glm
32.9980124668568,0.178051490400166,26.6660696524795,glm
32.9403631223666,0.169351664525286,25.7139493767827,glm
35.6164083058606,0.184049417776255,25.8948386532073,glm
34.2456270012625,0.190482568982739,26.1730112363126,glm
34.1960483935621,0.187053087143092,27.3387133426176,glm
32.8225686527959,0.211405542255565,25.6674916624506,glm
32.5055732300765,0.155468970984064,25.7875057057129,glm
33.3979433599443,0.188968288589387,25.6394524768644,glm
32.4485767517157,0.152970735421782,26.7377279921357,glm
32.4536946037495,0.177868082978796,25.7199226173267,glm
32.529965307194,0.163281732379316,25.6343618079432,glm
33.4570201318364,0.194284805398805,25.7811458902101,glm
33.0694416347031,0.196955842528904,26.6876521376126,glm
30.4529203436287,0.157133644854072,23.3070560868733,glm
31.478818084687,0.12592627344281,25.9392771478411,glm
33.6798220065488,0.159371977618371,26.3410126845371,glm
31.904862140562,0.153637503011644,26.250872284342,glm
33.3547586011538,0.178001470336865,25.8742609624032,lm
35.1436449782528,0.190675869178562,26.2307547851975,lm
33.7814998814606,0.218501754584792,25.4826926424452,lm
30.7535673391213,0.135097836846672,25.2516926346948,lm
32.6403320747229,0.170693108157702,25.5942456218447,lm
34.6084850285739,0.221098067048166,25.8028259807088,lm
35.7992619070809,0.216820608564195,26.8259966211717,lm
35.9505544629135,0.215470942083682,26.3970859108726,lm
32.9980124668568,0.178051490400166,26.6660696524795,lm
32.9403631223666,0.169351664525286,25.7139493767827,lm
35.6164083058606,0.184049417776255,25.8948386532073,lm
34.2456270012625,0.190482568982739,26.1730112363126,lm
34.1960483935621,0.187053087143092,27.3387133426176,lm
32.8225686527959,0.211405542255565,25.6674916624506,lm
32.5055732300765,0.155468970984064,25.7875057057129,lm
33.3979433599443,0.188968288589387,25.6394524768644,lm
32.4485767517157,0.152970735421782,26.7377279921357,lm
32.4536946037495,0.177868082978796,25.7199226173267,lm
32.529965307194,0.163281732379316,25.6343618079432,lm
33.4570201318364,0.194284805398805,25.7811458902101,lm
33.0694416347031,0.196955842528904,26.6876521376126,lm
30.4529203436287,0.157133644854072,23.3070560868733,lm
31.478818084687,0.12592627344281,25.9392771478411,lm
33.6798220065488,0.159371977618371,26.3410126845371,lm
31.904862140562,0.153637503011644,26.250872284342,lm
2.7314241895461,0.993602715576876,1.94630565792419,blackboost
2.66887870289237,0.995315280260766,1.82109040991571,blackboost
2.93952280394617,0.993613035171457,2.02591860195253,blackboost
2.85825487256434,0.993777735748949,1.94521014717869,blackboost
3.13379838666633,0.992906620124625,2.11938636954497,blackboost
2.47457615924475,0.99458930833259,1.75092340909369,blackboost
2.97310438343911,0.9939567944553,1.99298488288619,blackboost
2.50492679599522,0.996030831306935,1.74457195126805,blackboost
3.33501365659405,0.992213632576503,2.27481984812154,blackboost
3.15796231447141,0.993122375169213,2.16952717902733,blackboost
3.26328688911821,0.994400318101427,2.25616310310589,blackboost
2.89633749616831,0.994466372179374,1.99728185220833,blackboost
3.08341291349322,0.994085204085015,2.15354453838975,blackboost
2.94782636425741,0.993457580771327,2.05797391256794,blackboost
2.90953603235943,0.994230245597316,1.98651621661315,blackboost
3.19831344839889,0.992433485855212,2.25044603010421,blackboost
3.51225232115838,0.99284165821419,2.31764932995137,blackboost
3.33233413411879,0.993265502153153,2.31628573130664,blackboost
2.69154030840335,0.995252348319141,1.86109381489142,blackboost
2.90571121717002,0.992255909791376,2.03733412643291,blackboost
3.33506136086826,0.992752730330579,2.32220882945395,blackboost
3.13691567180144,0.994497464160159,2.07901756070878,blackboost
3.1695068864521,0.993370818597602,2.12654284365047,blackboost
2.76549316825305,0.993930250390713,1.9256461933986,blackboost
2.90194724499956,0.994509259860181,2.03008230960131,blackboost
3.85688008196541,0.990548837643064,1.80264265305982,ctree
2.30326978380655,0.995159405798443,1.23228894684796,ctree
3.01117296097076,0.993247111199737,1.26754687102869,ctree
2.80258614073202,0.993887732736279,1.32424169180875,ctree
2.41055690572554,0.995826884147222,1.21595453803311,ctree
3.92651288894245,0.988403053161039,1.58458286974869,ctree
2.62996480275685,0.995413409866812,1.23661996044731,ctree
2.69305477823585,0.995148842457748,1.41759976408694,ctree
2.61139504330738,0.9954755283899,1.28564409764649,ctree
3.48508535711037,0.992561395211754,1.42253737339739,ctree
2.7737253679033,0.994630705253072,1.38689238797146,ctree
2.38572332612945,0.996090014873566,1.2020051424829,ctree
3.61076859504754,0.99068948786781,1.42956196263028,ctree
2.77478792897166,0.993743162050279,1.40683701058783,ctree
2.49918691005244,0.995667592454408,1.16194435132275,ctree
2.15711093248503,0.995857660802497,1.16286978634492,ctree
2.50969104197869,0.995083597217651,1.23818908304066,ctree
3.15965804127511,0.992924906267506,1.4256287567515,ctree
2.49988184989609,0.994272277736024,1.24567099192119,ctree
3.10645981890993,0.992396628182914,1.30864112381351,ctree
2.68285439022994,0.99428527564886,1.18730165944622,ctree
3.64901092987964,0.990057694840602,1.48271541766687,ctree
3.0776976761152,0.993188465282139,1.25361679159008,ctree
2.87308108115144,0.993992195602853,1.29188761493765,ctree
2.86089620648301,0.993064064077882,1.19544754325195,ctree
6.03944805948416,0.973665807770613,4.00067375174086,ctree2
5.33355510629958,0.974350271766178,3.93140674287155,ctree2
5.29741513157266,0.977313840745984,3.84142608763219,ctree2
5.79749005778099,0.974023386885787,3.99851960046679,ctree2
5.22322851825563,0.981377520797211,3.76057137338786,ctree2
5.69006513275024,0.976214418967586,3.95223894946691,ctree2
5.05819198837396,0.976625172693223,3.7645328245267,ctree2
5.0972443613831,0.982241841804764,3.78408656165851,ctree2
5.65054267372436,0.975866614424949,3.9391743867917,ctree2
6.07823303688064,0.973633531472481,4.17916786626775,ctree2
6.55359590194459,0.966200286686549,4.14366104819552,ctree2
6.14755628381297,0.976041426620816,4.28430994384038,ctree2
6.16485147388603,0.970399895665413,4.31799537611587,ctree2
5.12275133775927,0.982536865404424,3.85106628819032,ctree2
5.44644268255462,0.976258038054253,4.00890301177542,ctree2
5.66149005360117,0.976163973259127,3.91078790677157,ctree2
5.74485536679824,0.969115680233316,4.04659407615133,ctree2
5.64578903177133,0.97900900163176,4.0573879977552,ctree2
5.41387036076647,0.981385428551967,4.04751746089925,ctree2
5.40916809554331,0.978882374365417,3.76363274472007,ctree2
5.91209634474488,0.975669623002921,4.03925587904268,ctree2
5.60973441613256,0.976930751059386,4.08232878705929,ctree2
5.78510801161474,0.979635789224971,4.04672058275874,ctree2
5.49699367097936,0.97792584193189,3.9441868830605,ctree2
5.63475220461912,0.972940917082462,3.93226069172944,ctree2
14.2676944678578,0.850235097523397,9.17741242107358,gamboost
13.8118382502687,0.85216878869026,9.04126549067367,gamboost
13.4376700095517,0.870133122729276,8.9061667713651,gamboost
14.0373212312644,0.849709608870788,8.80385349734157,gamboost
13.7301359407295,0.87441568958964,8.78866430445389,gamboost
14.2136700211992,0.869943581057183,9.05026147378618,gamboost
14.789593054016,0.859563552591407,9.41367919321576,gamboost
15.3763375143631,0.855019785109621,9.67396908866468,gamboost
13.6083537763193,0.869925306737619,8.62032346245124,gamboost
13.5008791858239,0.873643978839907,8.62162921548334,gamboost
15.3170368421873,0.857272111170644,9.40119128304312,gamboost
12.3072772554981,0.861637053135981,8.04763367181845,gamboost
13.9548225373171,0.871675777600357,9.02593757110261,gamboost
11.994139857499,0.870229398048814,7.62185010424163,gamboost
13.6859569797158,0.85347214377187,8.72876937531694,gamboost
13.2333538190193,0.871259839820351,8.50496691330146,gamboost
11.8591966702215,0.871008784749145,7.662363659953,gamboost
13.2875759677287,0.861273276022556,8.32715756262176,gamboost
13.7768775771398,0.848116821916298,8.7670688845772,gamboost
13.994294244456,0.867668700573766,8.34446615754743,gamboost
13.8490012537827,0.862474234076562,8.52154613632108,gamboost
14.1533998728659,0.865337225273128,8.55357155503399,gamboost
12.823869641804,0.862428874566594,8.28615278684527,gamboost
13.9033139968083,0.863142338106811,8.97008350612688,gamboost
13.6947766160736,0.846729365746965,9.07817296603414,gamboost
32.9980124085734,0.178051490400166,26.6660687645007,glmboost
32.6403320461995,0.170693108157702,25.5942447268459,glmboost
33.3547586443956,0.178001470336865,25.8742601237914,glmboost
32.9403631252379,0.169351664525286,25.7139485311094,glmboost
34.6084853045018,0.221098067048166,25.802825327283,glmboost
35.1436451885778,0.190675869178562,26.2307540846593,glmboost
35.616408528293,0.184049417776255,25.8948379896516,glmboost
35.799262184526,0.216820608564195,26.8259959628657,glmboost
33.781500135185,0.218501754584792,25.4826920660694,glmboost
34.2456271785957,0.190482568982739,26.1730105078176,glmboost
35.9505547413426,0.215470942083682,26.3970852762792,glmboost
30.7535670579199,0.135097836846672,25.2516915655642,glmboost
34.1960483691698,0.187053087143092,27.338712400764,glmboost
30.4529203234405,0.157133644854072,23.3070552859536,glmboost
32.4536945922138,0.177868082978796,25.7199218103106,glmboost
32.8225687511243,0.211405542255565,25.6674908317497,glmboost
31.4788177341775,0.12592627344281,25.9392760201249,glmboost
32.5299652127116,0.163281732379316,25.6343608890152,glmboost
32.5055731263765,0.155468970984064,25.7875047221049,glmboost
33.6798219308439,0.159371977618371,26.3410117401993,glmboost
33.4570202746091,0.194284805398805,25.7811451843344,glmboost
33.3979434495961,0.188968288589388,25.639451685162,glmboost
31.9048618110888,0.153637503011644,26.2508712055635,glmboost
33.0694416616224,0.196955842528904,26.6876513314418,glmboost
32.4485765192917,0.152970735421782,26.7377270222154,glmboost
34.9955162469742,0.178051490400166,26.7242053697584,BstLm
34.6536341731567,0.170693108157702,25.8955577770386,BstLm
35.2894839372357,0.178001470336865,26.1173576925326,BstLm
34.3671384030325,0.169351664525286,24.8603215475401,BstLm
36.3911271429942,0.221098067048166,25.6869044604272,BstLm
36.562327055071,0.190675869178562,25.6001559311543,BstLm
36.7852103709363,0.184049417776255,24.7516584870661,BstLm
37.5798809026641,0.216820608564195,26.803004492688,BstLm
35.4951944945189,0.218501754584792,25.2406996764941,BstLm
35.9757206791144,0.190482568982739,26.0649646826906,BstLm
37.2868819347931,0.215470942083682,25.4988639901936,BstLm
33.0764815067379,0.135097836846672,25.6914183087038,BstLm
36.7080184117686,0.187053087143093,28.0923412037309,BstLm
32.5846603855568,0.157133644854072,23.9818213802402,BstLm
34.8899097588139,0.177868082978795,26.8467660112601,BstLm
34.9515375072647,0.211405542255565,25.6947760757015,BstLm
34.462033177945,0.125926273442809,27.8121936371115,BstLm
34.5804454015085,0.163281732379316,25.7931932794463,BstLm
34.2944944381494,0.155468970984064,25.6805020988781,BstLm
34.9534173958681,0.159371977618371,24.8614835623691,BstLm
35.6521615902914,0.194284805398805,26.6102229692486,BstLm
35.0771943474386,0.188968288589387,24.9278849759795,BstLm
34.476469806101,0.153637503011644,27.2927955012189,BstLm
35.3849976132403,0.196955842528904,27.2966336813681,BstLm
34.6769743637742,0.152970735421782,27.2807010275303,BstLm
13.3500045140207,0.86889838557004,8.00118236931068,bstSm
12.8060705482524,0.872811289315935,7.92250673946475,bstSm
12.3174201407024,0.891462069940695,7.74904204327877,bstSm
13.3201419517428,0.864573102695141,7.72316993970328,bstSm
12.7741898109993,0.891265298780142,7.65645994021148,bstSm
13.2355737473974,0.886736185587047,7.95958260518608,bstSm
13.8047737106164,0.877654315490088,8.28834887260952,bstSm
14.4193811956573,0.872373614956692,8.5108769104967,bstSm
12.9085045512888,0.883561571241792,7.57855168816009,bstSm
12.5494293156196,0.890756354158784,7.47644315762864,bstSm
14.4392082927604,0.872772889379283,8.3241449946313,bstSm
11.3033092491793,0.88303126613492,6.78272780177938,bstSm
12.8205515304072,0.893038873833842,7.88360868141199,bstSm
11.074600965969,0.889606164421954,6.55316735437291,bstSm
12.7384155146234,0.873134977329352,7.48854540801353,bstSm
12.2713095069821,0.889400512167498,7.45519073799386,bstSm
10.7650275484987,0.894599640605412,6.54591274082803,bstSm
12.2483296466848,0.882682963377018,7.18108644466842,bstSm
12.8400911813318,0.86796045871311,7.69164018500139,bstSm
13.0035555060374,0.8872805843084,7.23639573895641,bstSm
13.0544232042993,0.877619460017877,7.40846134940362,bstSm
13.2148985448559,0.883501703180895,7.56968604602682,bstSm
11.7946840535994,0.883460648695513,7.13515785196411,bstSm
12.9288204051464,0.881727767364849,7.86400731737027,bstSm
12.589480789316,0.870435604316479,7.83308388235792,bstSm
1.09934334316875,0.999111095370862,0.665453822103419,bstTree
0.881603270380362,0.99930185093212,0.597102326475943,bstTree
1.38041362716699,0.998491816744947,0.801053291705399,bstTree
1.11468940102608,0.999051057469351,0.724328568342313,bstTree
1.1036337149226,0.998870135444769,0.699433669625928,bstTree
1.19961561377512,0.998996888766305,0.719581439171577,bstTree
1.20296773442172,0.998997399574491,0.693415248035845,bstTree
1.2940057640689,0.998773616966086,0.783754352220761,bstTree
1.29484033191081,0.998679948353745,0.741798617456051,bstTree
1.41991893025745,0.998771733692076,0.840621503009555,bstTree
1.1469114520985,0.99902325470613,0.663910507100804,bstTree
1.52752082228053,0.9982258941185,0.876270135938052,bstTree
1.14247618994041,0.998963611788297,0.722093475382102,bstTree
1.16805544807252,0.998999548731255,0.717750319569746,bstTree
1.19429944951794,0.998894253986859,0.763011905659173,bstTree
1.09582301785724,0.999196422540331,0.689351342509556,bstTree
1.07115421474621,0.999242605171742,0.705761564185074,bstTree
1.21531445986726,0.998948272317524,0.727693022978082,bstTree
1.12183435620736,0.99885485211748,0.697111169753865,bstTree
1.35846402973727,0.998769436087018,0.815345904704207,bstTree
1.36308768655858,0.998846935463398,0.789850533644063,bstTree
1.3062491902693,0.998751320067783,0.761616333218909,bstTree
1.19205302648704,0.998788752097167,0.728012012633843,bstTree
1.13251218109843,0.99909285247369,0.730950713834995,bstTree
1.10964173533098,0.999144105822501,0.712371343365253,bstTree
32.9855517102012,0.178051490400166,26.4904846717977,blasso
32.6353859619878,0.170693108157702,25.4224010849429,blasso
33.3659485650125,0.178001470336865,25.7068109134542,blasso
32.9469839866566,0.169351664525286,25.5271057836641,blasso
34.683707852953,0.221098067048166,25.6307223801889,blasso
35.2113792137023,0.190675869178562,26.0372768975144,blasso
35.6902881620201,0.184049417776255,25.683373562713,blasso
35.8797516652372,0.216820608564195,26.6508190636055,blasso
33.8577047700907,0.218501754584792,25.3180914512619,blasso
34.2891899636862,0.190482568982739,26.0109904190667,blasso
36.0436287760597,0.215470942083682,26.2115145054069,blasso
30.7022887059298,0.135097836846672,25.0508807639513,blasso
34.1942962988287,0.187053087143092,27.1787047852643,blasso
30.4496476593947,0.157133644854072,23.1391974953753,blasso
32.4566064529901,0.177868082978796,25.5839082381215,blasso
32.8478747807573,0.211405542255566,25.4994092451224,blasso
31.4147724332833,0.12592627344281,25.7501737423181,blasso
32.5137958494594,0.163281732379316,25.456428136523,blasso
32.4856951118271,0.155468970984064,25.5718916559068,blasso
33.6662402646443,0.159371977618371,26.1211170487843,blasso
33.4976928647422,0.194284805398805,25.5901120534888,blasso
33.4275732675612,0.188968288589388,25.4357932091898,blasso
31.8489000806853,0.153637503011644,26.0689173609728,blasso
33.0769526340641,0.196955842528904,26.5409991078627,blasso
32.4062515960832,0.152970735421782,26.5640877661314,blasso
33.3707989172408,0.178001470336865,25.6518910022356,blassoAveraged
35.2039364704023,0.190675869178562,26.0481608477392,blassoAveraged
33.8473701438162,0.218501754584792,25.3372141347156,blassoAveraged
30.7008359269966,0.135097836846672,25.0453326727508,blassoAveraged
32.6348395996827,0.170693108157702,25.4027545710225,blassoAveraged
34.7011166224138,0.221098067048166,25.5935828387854,blassoAveraged
35.8819322445785,0.216820608564195,26.6439448406472,blassoAveraged
36.0426792694805,0.215470942083682,26.2066403253957,blassoAveraged
32.9865450979831,0.178051490400166,26.4916712486709,blassoAveraged
32.946572961985,0.169351664525286,25.5088990331313,blassoAveraged
35.6891058281345,0.184049417776255,25.6925669021023,blassoAveraged
34.3014559211086,0.190482568982739,25.9622448447181,blassoAveraged
34.1932006369633,0.187053087143092,27.1591997743052,blassoAveraged
32.8494697586616,0.211405542255565,25.4820013112459,blassoAveraged
32.4863906958833,0.155468970984064,25.5926041084668,blassoAveraged
33.4218410337665,0.188968288589388,25.4690681340638,blassoAveraged
32.4045812292842,0.152970735421782,26.5390152019787,blassoAveraged
32.4533163662261,0.177868082978796,25.5784326632923,blassoAveraged
32.5123798590856,0.163281732379316,25.4463113733046,blassoAveraged
33.4891120627791,0.194284805398805,25.6331995138118,blassoAveraged
33.0762172730593,0.196955842528904,26.5225874300929,blassoAveraged
30.4500396129407,0.157133644854072,23.0946618266233,blassoAveraged
31.4263738006722,0.12592627344281,25.7735721607195,blassoAveraged
33.6696034401673,0.159371977618371,26.1182548396174,blassoAveraged
31.8527726657942,0.153637503011644,26.0750379571676,blassoAveraged
33.3570089797929,0.178001470336865,25.8284071961859,bridge
35.1592288879315,0.190675869178562,26.1788840725436,bridge
33.7898364230454,0.218501754584792,25.464629970834,bridge
30.7372622033737,0.135097836846672,25.188238033449,bridge
32.6366548790979,0.170693108157702,25.5329446491198,bridge
34.6217089760098,0.221098067048166,25.7753279385083,bridge
35.8198830727933,0.216820608564195,26.7818837947114,bridge
35.9711575447693,0.215470942083682,26.3591995021634,bridge
32.9941295627025,0.178051490400166,26.6046036070918,bridge
32.9430174506716,0.169351664525286,25.6727921670221,bridge
35.6391451635095,0.184049417776255,25.8371834269624,bridge
34.2569822328653,0.190482568982739,26.137125781873,bridge
34.1943038345236,0.187053087143092,27.2760029881796,bridge
32.8275953814109,0.211405542255565,25.6481528099974,bridge
32.5019233848145,0.155468970984064,25.7549050573133,bridge
33.4050844849866,0.188968288589388,25.6164575586317,bridge
32.441857973361,0.152970735421782,26.7140627809797,bridge
32.4532719902704,0.177868082978796,25.6714076093266,bridge
32.5251439703925,0.163281732379316,25.5833480744788,bridge
33.4696027856138,0.194284805398805,25.7234529167776,bridge
33.0701088268426,0.196955842528904,26.6638123966175,bridge
30.4504790390946,0.157133644854072,23.2755288786563,bridge
31.4674077411104,0.125926273442809,25.9046251683677,bridge
33.679102520744,0.159371977618371,26.3045242515531,bridge
31.8862120710679,0.153637503011644,26.1778075339631,bridge
5.36630043815761,0.981865926879473,3.57899823418874,brnn
4.88738599171927,0.977747242461538,3.36939280992063,brnn
6.3675797467195,0.96942036078648,3.63004946109586,brnn
6.45976350094537,0.967574243819913,4.00432087273361,brnn
6.39837174490806,0.970892021033513,4.06997523357006,brnn
5.25424487049096,0.979097752729545,3.64493935535253,brnn
7.47321266464548,0.962936877121217,5.48936996951914,brnn
7.19036521501163,0.965659147830004,5.4376277521329,brnn
6.98365768429732,0.968175976854231,4.34069353296436,brnn
7.02858311650935,0.969290148612206,4.37302983203068,brnn
8.10476200943211,0.954991539180544,5.45958820304337,brnn
6.77753994171582,0.967948232264393,4.20537737879957,brnn
4.58547781337352,0.984529035540164,3.02017642332955,brnn
4.98996913146137,0.979909698007322,3.33271011708941,brnn
6.41174466480632,0.973169129225981,3.95289032404842,brnn
4.73756324838908,0.97994212652232,3.21778420254327,brnn
5.10529129519661,0.979928348941201,3.45754517785308,brnn
7.92797994808742,0.954005935056973,5.45008400549483,brnn
6.00770655670811,0.967005833553144,3.71911091771774,brnn
4.89639121995122,0.982314258024451,3.16747191645717,brnn
6.76038099267329,0.963377070611416,4.26476138323987,brnn
6.17944080710526,0.973339911869955,3.89664181699946,brnn
6.57206755508651,0.968826039973316,3.87268654523769,brnn
5.00190448177638,0.981842456819718,3.3586102393321,brnn
5.07276980945682,0.979606627970306,3.2984415531566,brnn
1.00646416872283,0.999086165449014,0.546486627118317,cubist
0.948240740074243,0.999340817163313,0.535156210930745,cubist
0.94890423093331,0.999299732797292,0.518601204620282,cubist
1.22070565481013,0.998790165762848,0.708080565081814,cubist
1.22173904806912,0.998967395626915,0.671466196833952,cubist
1.28565568879319,0.998472941945194,0.651514576304905,cubist
1.37793838030713,0.998700278151909,0.697167870569749,cubist
1.07456905045793,0.999203595974901,0.578553879899384,cubist
1.42934549571625,0.998428526840393,0.735162120031344,cubist
1.36740364777442,0.998517121498663,0.705233367145241,cubist
1.32315895810997,0.998884984497969,0.736970593545155,cubist
1.25144681931885,0.998840249732152,0.650310015282458,cubist
1.14718087130587,0.999118305084563,0.629414270436869,cubist
1.17234301700109,0.998901546984633,0.614577303877221,cubist
1.19053913898944,0.998950480876778,0.63968170830143,cubist
1.38114846981926,0.998516794363346,0.745690131323266,cubist
0.908559165297393,0.999447082396381,0.544466004663975,cubist
1.52358873380325,0.998530785040632,0.832297313127737,cubist
1.08013777142091,0.999156933069789,0.608735785029874,cubist
1.28190117405467,0.998478386030535,0.623130132090764,cubist
1.19798501278701,0.99896010200272,0.630182380700893,cubist
1.42026248652074,0.998755719895046,0.718329649610304,cubist
1.58452500521871,0.998256456276152,0.715229444154316,cubist
1.18566031405913,0.998804357697173,0.63495688999714,cubist
1.50943119595056,0.998455894529486,0.8032994556959,cubist
35.8967314039835,0.000329084957761054,25.9305677500045,dnn
36.785093732209,0.00227459058325708,25.4340515919079,dnn
38.9431423549848,NA,23.5765254074443,dnn
33.7533883350807,7.11989071858235e-07,24.1472649487652,dnn
36.219707170351,NA,26.3799898275558,dnn
36.8654502703607,0.00783434976560741,24.2559526336995,dnn
38.9507166592259,0.00182452315884138,23.3793455932982,dnn
37.1687429602554,0.000811988416940535,23.6897542251094,dnn
35.7867710088974,NA,23.9837970186458,dnn
39.9007207840347,0.00978435638030786,26.9951966147701,dnn
36.7054625761599,0.00191971184242761,27.2085875406904,dnn
36.0106586143382,0.00821601587084985,24.6647554321059,dnn
38.6287581704796,0.00932077532674446,26.2320244365699,dnn
36.9164996989217,0.00286902105421293,23.3719283147088,dnn
37.4924378691191,0.000621445068620174,21.5663751068179,dnn
34.2660476951364,0.000529212490347287,22.1647839865229,dnn
38.3445715422653,0.00158353600253804,22.1761876814592,dnn
33.1309384034762,0.000703720987344454,19.9506121242478,dnn
35.1085407147116,0.000391759618519316,24.0856894479602,dnn
37.9160310213864,0.00480706090276456,24.2119493375236,dnn
36.4101019261394,0.0644578611154689,25.3589584773433,dnn
39.8010909084408,0.0257376040262517,24.8403474136878,dnn
32.8589386642251,NA,21.7569067083104,dnn
37.1582044918504,NA,21.4089137774885,dnn
37.7611769322031,0.00332535031634802,23.8709694618411,dnn
16.5625887213273,0.810681671404181,10.2551705063313,gamLoess
18.1771153611073,0.807375930244482,11.1116554930848,gamLoess
15.9322429086334,0.834304491618679,9.28551109262892,gamLoess
14.209254715704,0.81158834765199,8.75638895301922,gamLoess
16.1888848538296,0.799540515491253,9.91802131564332,gamLoess
16.5081589709582,0.835249895342817,9.63311444046336,gamLoess
18.7440741948454,0.803044714772039,11.1803797346743,gamLoess
18.3399121983408,0.81461982419364,10.8714968940522,gamLoess
16.8731133087364,0.788655388865018,10.5907795858741,gamLoess
15.6765853427427,0.824616486685987,9.3681698646256,gamLoess
18.0401156534859,0.812642688014258,10.5517314695874,gamLoess
16.1756988574945,0.835454051931041,9.46671122235219,gamLoess
16.7460591562558,0.822296494244985,10.0970054274248,gamLoess
15.3310205945075,0.833304744226466,9.15878512013086,gamLoess
15.9265429932562,0.803266766262083,9.73083913023885,gamLoess
16.5104233069211,0.828301753781913,9.36804072447136,gamLoess
16.5178859763606,0.780780275344434,10.3102077316028,gamLoess
15.8920238136429,0.811934342299924,9.53075299993575,gamLoess
15.9957709570858,0.805121527388701,9.42574275386505,gamLoess
15.891346101292,0.83620096483422,9.08316978811471,gamLoess
16.4969054930011,0.803819916879035,10.226383242373,gamLoess
14.0279597932461,0.826407515539041,8.29901326171578,gamLoess
14.0835295144693,0.82442434110618,8.36390286777724,gamLoess
16.722408984502,0.821377960774089,9.56731054186566,gamLoess
14.7977324678397,0.815235370451855,9.05273298978099,gamLoess
41.9318154841626,0.178001470336865,20.1464574711261,svmLinear
44.7666495894751,0.190675869178562,22.0465255887101,svmLinear
43.6460164432648,0.218501754584792,21.8364329847875,svmLinear
36.1934125820009,0.135097836846672,17.2433874205486,svmLinear
40.7924923196686,0.170693108157702,19.6857289980368,svmLinear
44.6468997771093,0.221098067048166,22.0661025733606,svmLinear
46.3840391379188,0.216820608564195,22.9759042622472,svmLinear
46.5681298987277,0.215470942083682,23.241647995478,svmLinear
41.6463155416385,0.178051490400166,20.7812037438712,svmLinear
41.0332821952267,0.169351664525286,20.2130011223977,svmLinear
45.0809538987894,0.184049417776255,21.6364565262833,svmLinear
43.220330192741,0.190482568982739,20.7470749662915,svmLinear
42.7058593166615,0.187053087143092,20.4951824626805,svmLinear
42.2699982393159,0.211405542255565,20.774199790583,svmLinear
39.8812397988255,0.155468970984064,19.0484702719581,svmLinear
42.0494208928079,0.188968288589388,20.719268313227,svmLinear
39.2322622190808,0.152970735421782,19.0305788327586,svmLinear
39.8996281813441,0.177868082978796,19.6007566215508,svmLinear
40.001448974288,0.163281732379316,19.0213440704269,svmLinear
41.816942737239,0.194284805398805,20.3664775516457,svmLinear
42.2281248509544,0.196955842528904,20.9426185794427,svmLinear
37.1425416661211,0.157133644854072,17.1737449112625,svmLinear
35.1477055213916,0.12592627344281,16.7850168207925,svmLinear
41.4528064516095,0.159371977618371,19.7023205199755,svmLinear
37.8557028614024,0.153637503011644,18.2688719151841,svmLinear
1.47667258907122,0.998404680468193,0.951566923964409,gbm
1.52745008931997,0.99789488193641,1.01910181308897,gbm
1.75792360156066,0.997518776272822,1.07925132524279,gbm
1.59760116079337,0.998004083717431,1.04507474397555,gbm
1.69499280142586,0.997345179487859,1.08948025592215,gbm
1.74203889081188,0.997889926946408,1.03896377218404,gbm
1.39593792603631,0.9986488182714,0.878659058483504,gbm
1.68496819861886,0.997931922867153,1.08435764330213,gbm
1.7343437441429,0.997628890417452,1.04281887799681,gbm
1.85895671113087,0.99792660836618,1.22974406375999,gbm
1.56089709356949,0.998159678451936,0.968488178168481,gbm
1.96912649123357,0.997030367023235,1.26924570176573,gbm
1.64792017581989,0.997827812511102,1.04173901274873,gbm
1.58526738076588,0.998134948102165,1.04059197271296,gbm
1.49331904099338,0.998273091642198,0.990518399380464,gbm
1.45638274451528,0.998581459233407,0.9572927556373,gbm
1.42675665000972,0.998653099076779,0.955625940309476,gbm
1.71583044957773,0.997908731930954,1.08550108155086,gbm
1.65913964850226,0.99743114826093,1.04265381716814,gbm
1.76575584191416,0.997929581376103,1.13398894609558,gbm
1.66142688802962,0.998282191146546,1.07679177626679,gbm
1.62081838141584,0.998078269241779,1.03264396201452,gbm
1.59026999195447,0.997855549484557,1.05079716880136,gbm
1.61094583047972,0.998118086951981,1.05892812500884,gbm
1.7067855385603,0.997952292965343,1.04884772442046,gbm
29.5257366748301,0.200590795339179,22.0843149185689,glm.nb
32.3359389461788,0.243656330790215,23.9783185705169,glm.nb
32.0958564947432,0.231713306720979,23.0097821058682,glm.nb
32.954354641707,0.240632391251919,23.44927850835,glm.nb
32.4560993993486,0.235053089415058,23.116869679995,glm.nb
34.7537733941851,0.286290630745708,23.9423492583311,glm.nb
35.2491689400013,0.24793030828224,24.2250085131011,glm.nb
35.7828697611174,0.238442155650959,24.0002440770675,glm.nb
35.9851485013215,0.279088116682446,24.849700895879,glm.nb
33.9030078367759,0.283251191404203,23.693626557721,glm.nb
34.1758799545605,0.25283902905448,24.0790781293392,glm.nb
36.2052141412409,0.274978668680811,24.5017953151701,glm.nb
31.3343220311222,0.218788814337237,23.7561895435055,glm.nb
33.5160017039799,0.257438014227857,24.4108315360541,glm.nb
29.9669458918896,0.218042986985516,20.9895376279118,glm.nb
31.8523459726035,0.24378272522485,23.3266778731208,glm.nb
32.5089423460095,0.281535348497778,23.1347236999261,glm.nb
30.0308562780475,0.190272407249227,22.7026207572298,glm.nb
31.7792187694369,0.229586753932668,22.7930965169135,glm.nb
31.7805744732885,0.215085838663369,23.0140674024606,glm.nb
33.0505768623149,0.22522065671516,23.2430830478153,glm.nb
33.1968684309899,0.262832171252689,23.6770990894536,glm.nb
33.1411626289032,0.255943221238308,23.1400859748051,glm.nb
30.5137162068644,0.223890857320334,22.9474682657369,glm.nb
32.5381626274798,0.267743066391863,24.099241943607,glm.nb
33.3547586011538,0.178001470336865,25.8742609624032,glmStepAIC
35.1436449782528,0.190675869178562,26.2307547851975,glmStepAIC
33.7814998814606,0.218501754584792,25.4826926424452,glmStepAIC
30.7535673391213,0.135097836846672,25.2516926346948,glmStepAIC
32.6403320747229,0.170693108157702,25.5942456218447,glmStepAIC
34.6084850285739,0.221098067048166,25.8028259807088,glmStepAIC
35.7992619070809,0.216820608564195,26.8259966211717,glmStepAIC
35.9505544629135,0.215470942083682,26.3970859108726,glmStepAIC
32.9980124668568,0.178051490400166,26.6660696524795,glmStepAIC
32.9403631223666,0.169351664525286,25.7139493767827,glmStepAIC
35.6164083058606,0.184049417776255,25.8948386532073,glmStepAIC
34.2456270012625,0.190482568982739,26.1730112363126,glmStepAIC
34.1960483935621,0.187053087143092,27.3387133426176,glmStepAIC
32.8225686527959,0.211405542255565,25.6674916624506,glmStepAIC
32.5055732300765,0.155468970984064,25.7875057057129,glmStepAIC
33.3979433599443,0.188968288589387,25.6394524768644,glmStepAIC
32.4485767517157,0.152970735421782,26.7377279921357,glmStepAIC
32.4536946037495,0.177868082978796,25.7199226173267,glmStepAIC
32.529965307194,0.163281732379316,25.6343618079432,glmStepAIC
33.4570201318364,0.194284805398805,25.7811458902101,glmStepAIC
33.0694416347031,0.196955842528904,26.6876521376126,glmStepAIC
30.4529203436287,0.157133644854072,23.3070560868733,glmStepAIC
31.478818084687,0.12592627344281,25.9392771478411,glmStepAIC
33.6798220065488,0.159371977618371,26.3410126845371,glmStepAIC
31.904862140562,0.153637503011644,26.250872284342,glmStepAIC
33.3547586011538,0.178001470336865,25.8742609624032,lmStepAIC
35.1436449782528,0.190675869178562,26.2307547851975,lmStepAIC
33.7814998814606,0.218501754584792,25.4826926424452,lmStepAIC
30.7535673391213,0.135097836846672,25.2516926346948,lmStepAIC
32.6403320747229,0.170693108157702,25.5942456218447,lmStepAIC
34.6084850285739,0.221098067048166,25.8028259807088,lmStepAIC
35.7992619070809,0.216820608564195,26.8259966211717,lmStepAIC
35.9505544629135,0.215470942083682,26.3970859108726,lmStepAIC
32.9980124668568,0.178051490400166,26.6660696524795,lmStepAIC
32.9403631223666,0.169351664525286,25.7139493767827,lmStepAIC
35.6164083058606,0.184049417776255,25.8948386532073,lmStepAIC
34.2456270012625,0.190482568982739,26.1730112363126,lmStepAIC
34.1960483935621,0.187053087143092,27.3387133426176,lmStepAIC
32.8225686527959,0.211405542255565,25.6674916624506,lmStepAIC
32.5055732300765,0.155468970984064,25.7875057057129,lmStepAIC
33.3979433599443,0.188968288589387,25.6394524768644,lmStepAIC
32.4485767517157,0.152970735421782,26.7377279921357,lmStepAIC
32.4536946037495,0.177868082978796,25.7199226173267,lmStepAIC
32.529965307194,0.163281732379316,25.6343618079432,lmStepAIC
33.4570201318364,0.194284805398805,25.7811458902101,lmStepAIC
33.0694416347031,0.196955842528904,26.6876521376126,lmStepAIC
30.4529203436287,0.157133644854072,23.3070560868733,lmStepAIC
31.478818084687,0.12592627344281,25.9392771478411,lmStepAIC
33.6798220065488,0.159371977618371,26.3410126845371,lmStepAIC
31.904862140562,0.153637503011644,26.250872284342,lmStepAIC
32.6713204497701,0.163281732379316,25.3973780405602,rlm
35.6856008459038,0.221098067048166,25.7636302446569,rlm
37.8419128034365,0.190675869178562,25.2626518573873,rlm
34.3054006668412,0.187053087143092,27.5371442992174,rlm
36.9934945625043,0.218501754584792,24.6331942912405,rlm
33.805442780706,0.194284805398805,25.6777937421261,rlm
30.7392857094261,0.135097836846672,25.2463739071668,rlm
36.8168087885775,0.216820608564195,26.5297895235762,rlm
32.791500249952,0.170693108157702,25.7818012839714,rlm
33.3240281379247,0.211405542255565,25.9163220701292,rlm
33.6610417878897,0.178001470336865,25.8121688547878,rlm
33.1447513758761,0.196955842528904,26.4190438029485,rlm
33.8687537070832,0.169351664525286,25.1060318313131,rlm
38.6244971749537,0.215470942083682,26.2952223689193,rlm
32.3186382921751,0.152970735421782,26.4293587598021,rlm
32.7594175045771,0.155468970984064,25.9758964636949,rlm
34.2760740761618,0.159371977618371,25.8452926810139,rlm
30.646854531361,0.157133644854072,23.136246562124,rlm
37.608676191154,0.184049417776255,25.8256795911849,rlm
33.0385823395525,0.178051490400166,26.5037116638053,rlm
32.4783346332667,0.177868082978796,25.7937382151472,rlm
34.0064958430214,0.188968288589388,25.526609211591,rlm
31.9406646343476,0.153637503011644,26.48657026351,rlm
31.4206980655685,0.125926273442809,26.2781785596212,rlm
35.0375406142692,0.190482568982739,25.9451444082716,rlm
0.868540104015038,0.999434904325509,0.402772404529681,kknn
0.924049348263681,0.999345567105916,0.489434057653085,kknn
0.912269619971904,0.999390576065911,0.486804667955285,kknn
0.957894159382765,0.999294481877361,0.444985444836564,kknn
0.643407966026734,0.999724335557622,0.348141778752474,kknn
1.0794056919298,0.999225380107293,0.513437301804766,kknn
0.609154876817669,0.999753893097162,0.327983338880151,kknn
1.07695140831225,0.999277685684947,0.419530255780778,kknn
0.824046234346722,0.999521127811164,0.384345558509575,kknn
0.9679743434359,0.999346752244073,0.447478466016038,kknn
0.929884455070554,0.999464271588954,0.454501751574759,kknn
0.671750989891787,0.999577393736347,0.337536812222287,kknn
0.852584878909247,0.999496537841908,0.37015431742823,kknn
0.660002022868224,0.999605032106836,0.349710410186237,kknn
0.667817088540679,0.999651946417282,0.371637267139078,kknn
1.06790499966743,0.999160726598636,0.526322384299213,kknn
0.742363245905927,0.999488759988997,0.364365059571897,kknn
0.98263168196225,0.999237758998982,0.414868937871599,kknn
0.912192289253451,0.999333524922647,0.461258116245391,kknn
0.976253245789348,0.999288873412642,0.502296051764467,kknn
0.924419595040516,0.999384087326429,0.401462344727602,kknn
0.894162296376934,0.999415186210213,0.384822371332378,kknn
0.632789006781903,0.999661395675126,0.321588824797344,kknn
0.901562961446696,0.999401890188864,0.410346869350571,kknn
0.974651002764685,0.999222229055737,0.50218885282398,kknn
0.954388238883694,0.999314529948223,0.44977016815229,knn
0.812789208370664,0.999492327588998,0.456797752236526,knn
1.03208783318939,0.999233003826928,0.45851249531186,knn
1.28908957458622,0.99873353320037,0.570995116055963,knn
0.709918560252324,0.999663566823393,0.404403285776921,knn
1.15938416329922,0.999132106352821,0.482840045475614,knn
0.833376547921984,0.999547394061463,0.445405888972661,knn
1.17996782149323,0.99916399594067,0.547009585144128,knn
0.959792245116567,0.999352576826616,0.492028281610889,knn
0.968237377778475,0.999348984855177,0.471565543709786,knn
1.19109325074075,0.999105205615135,0.564443558353037,knn
0.833425552766922,0.999348742957131,0.429805354697925,knn
1.02080901441933,0.999289575496991,0.425779195816695,knn
0.736441127170644,0.999511785519995,0.388998169522656,knn
0.879414609288524,0.999399719487232,0.46900125578577,knn
0.952708462217395,0.999332706627636,0.47066132322956,knn
0.896491452934031,0.999259293616964,0.451298445171175,knn
0.885706094929285,0.999397244507621,0.413337442846724,knn
0.825746360083831,0.999453789444523,0.448221449100644,knn
0.862001777049104,0.999450547569806,0.439212752474694,knn
1.1905086616227,0.998992555647161,0.54044858634728,knn
0.870646855383605,0.999445098862853,0.422418161637966,knn
0.967555297361697,0.99921376510523,0.430298499992079,knn
1.1298568617949,0.99906654016749,0.468694982705661,knn
0.92484751620752,0.999300207193513,0.494291780631596,knn
32.9980124668568,0.178051490400166,26.6660696524795,lars
32.6403320747229,0.170693108157702,25.5942456218446,lars
33.3547586011538,0.178001470336865,25.8742609624032,lars
32.9403631223666,0.169351664525286,25.7139493767827,lars
34.6084850285739,0.221098067048166,25.8028259807088,lars
35.1436449782528,0.190675869178562,26.2307547851975,lars
35.6164083058606,0.184049417776255,25.8948386532073,lars
35.7992619070809,0.216820608564195,26.8259966211717,lars
33.7814998814606,0.218501754584792,25.4826926424452,lars
34.2456270012625,0.190482568982739,26.1730112363126,lars
35.9505544629135,0.215470942083682,26.3970859108726,lars
30.7535673391213,0.135097836846672,25.2516926346948,lars
34.1960483935621,0.187053087143092,27.3387133426176,lars
30.4529203436287,0.157133644854072,23.3070560868733,lars
32.4536946037495,0.177868082978796,25.7199226173267,lars
32.8225686527959,0.211405542255565,25.6674916624505,lars
31.478818084687,0.12592627344281,25.9392771478411,lars
32.529965307194,0.163281732379316,25.6343618079432,lars
32.5055732300765,0.155468970984064,25.7875057057129,lars
33.6798220065488,0.159371977618371,26.3410126845371,lars
33.4570201318364,0.194284805398805,25.7811458902101,lars
33.3979433599443,0.188968288589388,25.6394524768644,lars
31.904862140562,0.153637503011644,26.2508722843421,lars
33.0694416347031,0.196955842528904,26.6876521376126,lars
32.4485767517157,0.152970735421782,26.7377279921357,lars
33.3547586011538,0.178001470336865,25.8742609624032,lars2
35.1436449782528,0.190675869178562,26.2307547851975,lars2
33.7814998814606,0.218501754584792,25.4826926424452,lars2
30.7535673391213,0.135097836846672,25.2516926346948,lars2
32.6403320747229,0.170693108157702,25.5942456218446,lars2
34.6084850285739,0.221098067048166,25.8028259807088,lars2
35.7992619070809,0.216820608564195,26.8259966211717,lars2
35.9505544629135,0.215470942083682,26.3970859108726,lars2
32.9980124668568,0.178051490400166,26.6660696524795,lars2
32.9403631223666,0.169351664525286,25.7139493767827,lars2
35.6164083058606,0.184049417776255,25.8948386532073,lars2
34.2456270012625,0.190482568982739,26.1730112363126,lars2
34.1960483935621,0.187053087143092,27.3387133426176,lars2
32.8225686527959,0.211405542255565,25.6674916624505,lars2
32.5055732300765,0.155468970984064,25.7875057057129,lars2
33.3979433599443,0.188968288589388,25.6394524768644,lars2
32.4485767517157,0.152970735421782,26.7377279921357,lars2
32.4536946037495,0.177868082978796,25.7199226173267,lars2
32.529965307194,0.163281732379316,25.6343618079432,lars2
33.4570201318364,0.194284805398805,25.7811458902101,lars2
33.0694416347031,0.196955842528904,26.6876521376126,lars2
30.4529203436287,0.157133644854072,23.3070560868733,lars2
31.478818084687,0.12592627344281,25.9392771478411,lars2
33.6798220065488,0.159371977618371,26.3410126845371,lars2
31.904862140562,0.153637503011644,26.2508722843421,lars2
2.06500104128489,0.995998240784365,1.46686754943335,M5
1.97466060552343,0.997045344589621,1.08480164525511,M5
1.692214177648,0.997912579123012,0.985688693000996,M5
1.62258688950404,0.998250866584415,0.960076213603951,M5
1.81509857901128,0.9976767473434,1.21690322982023,M5
1.91125417702295,0.997666453687133,1.15093536406071,M5
1.55142326846321,0.998396542617907,0.979842938705864,M5
1.72969114483078,0.997678475354936,1.13020313863391,M5
2.22831952451307,0.996186893696064,1.31155352239682,M5
1.75871023084435,0.997956762839425,1.00537152405943,M5
1.93658423704767,0.997644689450943,1.11567288728378,M5
1.75074712553892,0.997871572559661,1.03440207321298,M5
1.90186510458047,0.997038669868376,1.27905906218405,M5
1.94457136677922,0.996563097614793,1.33510072912941,M5
1.97913994036678,0.997136331983701,1.29948354769368,M5
1.89831349086273,0.997148728151281,1.16327400372242,M5
2.07471408188819,0.99680742739635,1.48890992222777,M5
1.93110565011489,0.997281375555164,1.23774778312916,M5
1.79709043642414,0.997625190080009,1.05198784989867,M5
2.32407565211025,0.996279096446325,1.56529595334683,M5
1.62323593796859,0.997945707220229,1.02300260634801,M5
1.83954857550052,0.996868675664814,1.33242753300082,M5
2.04258841713289,0.996659284297928,1.46638129839954,M5
1.66397631251325,0.998007416001908,0.963815451671351,M5
1.95075833009859,0.99677181220679,1.30855386555279,M5
38.5831824485099,0.002022058935389,23.075392240378,mlp
40.5647289711526,0.00429287229624211,17.0334865517884,mlp
36.907893155351,NA,22.1440628293006,mlp
38.8909215087577,NA,21.0393971721837,mlp
51.9920398196728,NA,50.0936580724567,mlp
38.6564049148418,0.151854834453119,24.7508396421855,mlp
41.1699176754303,0.00126441600173106,22.1465861818909,mlp
39.92222824034,NA,26.3724955315071,mlp
37.8019688886667,NA,23.6771877012035,mlp
38.0571806793764,NA,26.9472753049371,mlp
47.374133375388,0.000152884673800872,26.1048698920513,mlp
37.2480957783804,0.000908709023671518,17.4081706050516,mlp
44.2283607559985,NA,22.7715102783099,mlp
36.9341231502254,NA,18.653700439972,mlp
37.7868585981293,NA,30.7802872329778,mlp
42.1265758104189,0.00924066702405225,18.0480528207056,mlp
36.1135313016407,4.54088663279858e-05,13.6129760036056,mlp
36.8965619875781,8.56467150605601e-06,19.7305025182294,mlp
36.1328257195083,0.0143175593197354,19.9434978888706,mlp
36.5867824377786,NA,23.8416405501407,mlp
37.1676125173191,NA,23.8488628443436,mlp
37.5534522408834,0.000266418549064421,21.5042010248751,mlp
37.222254039662,NA,19.308993299966,mlp
36.8909054247388,0.0506367616297824,23.6148225048027,mlp
36.0976428197018,0.00147955930013223,26.9139651565027,mlp
36.9974048574473,0.00233448651160084,30.4028269359438,mlpML
37.996199273618,0.000212700931297425,21.2820237864709,mlpML
37.4573023062267,NA,20.1863109662058,mlpML
42.6610534362277,3.74434674561718e-06,37.6183147162853,mlpML
40.8869901143997,0.00287918559104038,17.1845726612418,mlpML
40.5415920087422,0.0081305378746199,21.8053547143934,mlpML
39.2894979479423,6.8323537599339e-05,22.9147761818425,mlpML
41.7048888169745,0.000567585031197686,21.4126668204188,mlpML
46.5370822601636,0.00104427275236741,22.8452931668157,mlpML
43.2758448333087,0.00819022754960792,18.972831462084,mlpML
37.8566644874794,NA,24.3859262071448,mlpML
42.1869345998596,0.00082800129618484,22.9602328716679,mlpML
35.5874040825469,7.76521082685857e-05,19.6597138416025,mlpML
43.5061671566595,0.000494605678883868,20.3066268573309,mlpML
33.4930104158724,0.00418537979360693,22.6643660079433,mlpML
41.6790745664053,8.27004069818471e-06,21.4522110132146,mlpML
37.1607532288709,NA,21.9377157811416,mlpML
36.9709711692884,3.56612461059596e-05,16.1858743649386,mlpML
35.5051697475906,0.00280621044002041,21.7076171891379,mlpML
36.0945402168042,0.00406889669498105,20.2747494257253,mlpML
36.9351244448107,0.00131077718597943,21.1708092313449,mlpML
41.817868811274,0.0030001176669636,17.0494737401785,mlpML
41.9946520670882,0.00550522040411027,17.81738869578,mlpML
34.2764765879338,0.00220135722405054,20.4063942805887,mlpML
37.1960765780997,0.00588095089023096,26.9085931287225,mlpML
33.1778132861473,7.62842468760413e-05,19.1516614851762,mlpWeightDecay
40.2811268788526,NA,36.5551893874143,mlpWeightDecay
37.6968325011276,NA,20.1293074944963,mlpWeightDecay
35.5340163622457,NA,22.8312519815087,mlpWeightDecay
39.2645578275241,0.00181126124126355,30.4566981389354,mlpWeightDecay
38.622974387998,NA,21.1000935185963,mlpWeightDecay
35.3197843338197,0.0143175593197354,22.1987714680323,mlpWeightDecay
38.3208756535057,0.00150796849916648,30.385043530538,mlpWeightDecay
36.7107293854552,0.000635517579891833,21.8573508357645,mlpWeightDecay
36.7065808651075,NA,21.1087581343646,mlpWeightDecay
39.9112325270002,NA,22.1865402475208,mlpWeightDecay
37.7582251189331,NA,21.5320453294722,mlpWeightDecay
33.2095343160512,NA,23.1306846499473,mlpWeightDecay
40.558914662308,0.000338419771395405,33.7365272517309,mlpWeightDecay
40.1136973160533,NA,25.0748344753636,mlpWeightDecay
39.7822613708622,NA,21.4395125281912,mlpWeightDecay
36.9808818921941,NA,30.4910609068631,mlpWeightDecay
35.9050606668599,NA,23.9562678696617,mlpWeightDecay
38.6629651447441,NA,22.3694109567599,mlpWeightDecay
38.7539305124592,0.00162818871168479,28.9542802341103,mlpWeightDecay
41.9955936145452,0.00528709526919198,18.0558124663614,mlpWeightDecay
40.6185974816419,NA,35.1444029785943,mlpWeightDecay
39.9945034631009,2.03369261039537e-05,32.1720485237661,mlpWeightDecay
44.7967464988651,NA,40.8672346001734,mlpWeightDecay
39.1951052947229,0.000781635060368221,16.3013168106456,mlpWeightDecay
38.1709246840283,1.61472261772514e-05,20.7056371001346,mlpWeightDecayML
33.1423105778376,6.56361980519428e-07,20.329836012636,mlpWeightDecayML
36.8735001844654,6.09720410217573e-06,19.5821830401327,mlpWeightDecayML
35.9450874252477,0.000841650924226326,21.4635533930309,mlpWeightDecayML
37.9121255875171,0.00303277146783881,23.4998329057945,mlpWeightDecayML
39.4312255952989,1.51824632856815e-05,21.2362574994176,mlpWeightDecayML
33.0228599866279,0.00126766427249657,19.4889590706415,mlpWeightDecayML
40.7044258351739,0.00182744544303448,21.8093926767495,mlpWeightDecayML
41.5128831411277,0.00504162044478119,35.0134719628143,mlpWeightDecayML
40.9449833344627,0.00387431594689833,17.4903037034153,mlpWeightDecayML
41.3241201804504,0.000787870459789097,36.1646862630655,mlpWeightDecayML
39.4731962180258,0.00602684445858171,26.1605574004086,mlpWeightDecayML
36.4237887447268,0.0031678027388545,20.9012579765632,mlpWeightDecayML
40.5898124820933,0.00429846521005102,33.7208824846632,mlpWeightDecayML
35.6777158018849,0.00079594445992899,25.0166783076663,mlpWeightDecayML
38.4032672988527,0.000501743758083036,20.1269517223353,mlpWeightDecayML
36.533817299733,1.70912158493343e-05,14.9898238814836,mlpWeightDecayML
40.5434514081511,0.00166065622802921,21.8750601148712,mlpWeightDecayML
41.1696967557265,0.00137980421522819,22.1462691630595,mlpWeightDecayML
37.2003801285398,0.000371768307277002,23.0596271947465,mlpWeightDecayML
38.1312588518216,0.00109348100136488,28.988553574997,mlpWeightDecayML
36.8063384413775,2.01156242938013e-05,24.1423700496361,mlpWeightDecayML
45.8892303284536,0.00945438324149422,20.2281771238665,mlpWeightDecayML
36.9410328305087,0.000166851560593901,23.907333255922,mlpWeightDecayML
34.5343188359885,0.00302728328111411,23.807004381531,mlpWeightDecayML
6.92281875602744,0.96985266984784,4.27038371269439,monmlp
3.9011042342238,0.985719669451153,2.57915981921844,monmlp
3.71526831293166,0.989621884661889,2.43001905865374,monmlp
3.7612766587321,0.988972675319582,2.64857108972979,monmlp
4.064380170099,0.987889799010677,2.82042705522486,monmlp
4.32678058766298,0.986047884252836,2.91352219573955,monmlp
3.73103228064789,0.990827104596859,2.57948677611187,monmlp
4.00707823344575,0.989297374024369,2.79281214064148,monmlp
4.37405457287048,0.987496019381112,2.91677722260013,monmlp
4.45128780802228,0.98756532819593,3.2299942454682,monmlp
3.52107247522689,0.991460312432605,2.52908458081232,monmlp
3.81369527891543,0.989853398846997,2.62991904948153,monmlp
3.61559443337489,0.990655850321477,2.45549702643595,monmlp
3.90398830194639,0.987543561813618,2.55463930834045,monmlp
4.73979590670882,0.984423839046533,3.34950761933427,monmlp
3.95212922260137,0.986115384541068,2.5747986948331,monmlp
4.10565713079264,0.986812941873307,2.80914314808601,monmlp
3.69452440397837,0.989984656238175,2.62470849381765,monmlp
4.03192374230003,0.985203757052138,2.69471226205666,monmlp
3.81502287598431,0.988557813285777,2.58869143304389,monmlp
5.04649872206911,0.979662716560722,3.92642393736531,monmlp
3.95699672682809,0.988325504733966,2.65265319357719,monmlp
3.77676219883071,0.989674841600538,2.46083241516656,monmlp
3.68601653178571,0.990074284383099,2.45408679467806,monmlp
4.10365764428925,0.98563738176227,2.72130318342147,monmlp
31.4763229525962,0.12592627344281,25.9312353066229,msaenet
30.452813627336,0.157133644854072,23.3027568535487,msaenet
32.4536259617525,0.177868082978796,25.7149416968765,msaenet
32.5293915925862,0.163281732379316,25.6287559361876,msaenet
32.5049603260907,0.155468970984064,25.781669083451,msaenet
33.6793989628756,0.159371977618371,26.3357092103312,msaenet
32.4470421223897,0.152970735421782,26.731309107766,msaenet
32.8231467205645,0.211405542255565,25.6626273868472,msaenet
32.9403809985753,0.169351664525286,25.7092437753355,msaenet
35.6173648394765,0.184049417776255,25.891987185657,msaenet
33.4578131245187,0.194284805398805,25.7772334250863,msaenet
34.1958919556957,0.187053087143092,27.3325445103166,msaenet
32.9976657299815,0.178051490400166,26.6607468466556,msaenet
34.609834643136,0.221098067048166,25.799632457393,msaenet
35.8006657150772,0.216820608564195,26.8226686412049,msaenet
33.3984394685561,0.188968288589388,25.6350871051269,msaenet
31.9025304918563,0.153637503011644,26.2432223530036,msaenet
35.9518497314324,0.215470942083682,26.3941358372616,msaenet
32.6401662701598,0.170693108157702,25.5889707141551,msaenet
33.7827467233392,0.218501754584792,25.4798626949616,msaenet
34.2465263708931,0.190482568982739,26.1693216044789,msaenet
33.0696078301917,0.196955842528904,26.6827538517072,msaenet
30.7517430621895,0.135097836846672,25.2447439204462,msaenet
33.355006964352,0.178001470336865,25.8694830817132,msaenet
35.144663281646,0.190675869178562,26.2273665197978,msaenet
43.0960007907636,NA,22.4593905928912,nnls
45.6937638698519,NA,24.4357843486036,nnls
44.7605494389796,NA,24.2171911061029,nnls
38.0190797066682,NA,19.5079575776741,nnls
42.0634126335696,NA,22.0606036074479,nnls
45.5929846402765,NA,24.2320137335346,nnls
47.1629137172502,NA,25.1452852576361,nnls
47.374133375388,NA,26.1048698920513,nnls
42.8427875963497,NA,22.7299567519335,nnls
42.6141291770978,NA,22.7256981228572,nnls
45.8190328266213,NA,24.4833152310775,nnls
44.3141242061347,NA,23.0394165853344,nnls
44.2283607559985,NA,22.7715102783099,nnls
43.6523834956804,NA,23.3831090527338,nnls
41.417564817268,NA,21.6318603659062,nnls
43.5393561486511,NA,23.04546914109,nnls
40.6950211613247,NA,20.9089629171473,nnls
41.6790745679789,NA,21.4522110165734,nnls
41.3986351439543,NA,21.2832820928134,nnls
43.2585832573917,NA,22.1330906139886,nnls
43.2784140952401,NA,22.6828346969203,nnls
38.4086270543885,NA,19.4317818264967,nnls
37.8182682935366,NA,18.7686327220533,nnls
42.9279878644189,NA,22.4868755616284,nnls
40.0170506838084,NA,20.7419866074507,nnls
41.6327157482946,0.178051490400204,20.7841915294832,svmLinear2
40.7840911352985,0.170693108157729,19.6870028631918,svmLinear2
41.9232441399794,0.178001470336882,20.1468701661616,svmLinear2
41.0251078378558,0.169351664525268,20.217631113511,svmLinear2
44.6325647579708,0.221098067048159,22.0661383317558,svmLinear2
44.7468989900803,0.190675869178527,22.0459125349116,svmLinear2
45.0809545543743,0.184049417776241,21.6364562239381,svmLinear2
46.3845809247154,0.216820608564194,22.975918035725,svmLinear2
43.6310842669703,0.218501754584805,21.8363073072003,svmLinear2
43.2455915583032,0.190482568982759,20.7456077329443,svmLinear2
46.5720454129474,0.21547094208367,23.2415870094405,svmLinear2
36.1562997843113,0.135097836846645,17.2512928022163,svmLinear2
42.7058589555964,0.187053087143061,20.4951840864723,svmLinear2
37.136004679308,0.157133644854079,17.1734497149626,svmLinear2
39.8996196121654,0.177868082978813,19.6007573901258,svmLinear2
42.2756994289464,0.211405542255544,20.7729232122855,svmLinear2
35.1477100422031,0.125926273442777,16.785015205095,svmLinear2
39.9919003094985,0.163281732379382,19.0278082260082,svmLinear2
39.8854591102187,0.155468970984039,19.0481180442894,svmLinear2
41.4527922967009,0.159371977618358,19.7023235458934,svmLinear2
41.8169491378938,0.194284805398787,20.3664763249468,svmLinear2
42.0494169230266,0.18896828858938,20.7192685546044,svmLinear2
37.8566007412434,0.153637503011692,18.2685125951209,svmLinear2
42.2112682836195,0.19695584252887,20.9430788463407,svmLinear2
39.2070178953764,0.152970735421797,19.03440021696,svmLinear2
5.30631826686666,0.9793596389595,3.95776521950127,treebag
5.17710321059238,0.982078762063202,3.93851103223149,treebag
5.56517503245089,0.978206419074192,3.93471711816253,treebag
5.17906655746225,0.974823578433208,3.92791405269041,treebag
5.46011943396887,0.976887009344176,4.0904240916343,treebag
5.05703075335229,0.982922295263333,3.95791428647468,treebag
5.39874951339111,0.981751206114396,4.11489275382174,treebag
7.33762445337382,0.965651834323347,4.92826850264192,treebag
4.84513863824849,0.982394736200303,3.61298542379039,treebag
6.75637704067052,0.965533869360571,4.65748775631491,treebag
5.11845102029268,0.983374003174353,3.86556800572636,treebag
5.23107944825366,0.981002644339711,3.95571194685622,treebag
4.77153942880076,0.984247781958251,3.65559306170228,treebag
6.435181093059,0.969571213721327,4.28141261595986,treebag
5.88501718932047,0.972290286595442,4.31921343977647,treebag
5.4322399005488,0.978404321967424,4.00466830687837,treebag
5.61159794411998,0.974489241555073,4.01026525229794,treebag
5.47484630723517,0.976652404704053,3.98955150045866,treebag
6.56017413066675,0.966183569188742,4.32542265654839,treebag
5.04088123663228,0.98177598686275,3.76642934332936,treebag
5.36154814219416,0.978856625695078,3.85559646684279,treebag
5.15912840894618,0.975914175052344,3.82321255271622,treebag
4.99200399864578,0.977185036018087,3.74048440734239,treebag
6.22793434675038,0.971154485222269,4.29636654942268,treebag
6.4076865293772,0.965070052961088,4.27997926531977,treebag
0.699104866332209,0.999558009581705,0.384829025675151,RRF
0.784203925370906,0.999429554023955,0.406212008602753,RRF
0.745930021574406,0.999565713758928,0.414712553358042,RRF
1.20210511731051,0.998856466161508,0.459202520285604,RRF
1.00446005907356,0.999303874977937,0.430747646301007,RRF
1.10993397075641,0.999093575494358,0.484275949883043,RRF
0.833342374002572,0.999444610110442,0.428133688607659,RRF
0.884277797159621,0.99941730345141,0.419464790291855,RRF
1.05213282018611,0.999164569300079,0.465634395046732,RRF
1.1844635538852,0.998921289431457,0.500956781579716,RRF
0.732873074632182,0.999644186674872,0.400762698359929,RRF
0.979586996476392,0.9993093299357,0.463729398741147,RRF
0.752027727067181,0.99946958469673,0.399944923341939,RRF
0.769947418151115,0.999602634109014,0.403922693013835,RRF
1.06973746473552,0.999281742116528,0.479807030178737,RRF
1.14104163453347,0.99904594795712,0.498442213422302,RRF
0.809574064863032,0.99945175444074,0.38497589399184,RRF
0.874630966490864,0.99941230536022,0.455336056613161,RRF
1.18399830902847,0.999016015712237,0.501046909808467,RRF
0.990749867260776,0.999315756876492,0.495152218489151,RRF
0.946354474026883,0.999346092396996,0.438847348274126,RRF
0.7749441353098,0.99957516948744,0.402982400210528,RRF
0.902051039231379,0.999455594989131,0.418822228971875,RRF
1.18299231897152,0.999109306453724,0.524700195590875,RRF
0.860516347490589,0.999397345741013,0.455228010052481,RRF
1.05525097978612,0.999159728932903,0.467369490456048,RRFglobal
0.849526861063039,0.999446347149672,0.446870921011378,RRFglobal
0.754558705649277,0.999599330249878,0.39829416141901,RRFglobal
1.14780730391998,0.998987580086578,0.488182148612499,RRFglobal
0.78662041188661,0.999585271713586,0.405163944169695,RRFglobal
0.894987783368429,0.999463950726754,0.426681473892296,RRFglobal
0.747942305274219,0.99962951766556,0.406405816822952,RRFglobal
1.08666983346576,0.999259065100048,0.484550085917103,RRFglobal
1.21811774799819,0.99895764299744,0.502610341262244,RRFglobal
0.970926224520141,0.999342842964868,0.490643838315565,RRFglobal
1.15713259393848,0.999146988901279,0.524064947086045,RRFglobal
0.760342086673758,0.999457398221624,0.404833737557319,RRFglobal
1.01187207802368,0.999295332640303,0.42762653332085,RRFglobal
0.705622899635539,0.999549411079587,0.386825239438688,RRFglobal
0.731406677316184,0.999582894019965,0.408897965934295,RRFglobal
1.1151908389824,0.999084936244399,0.488195641182675,RRFglobal
0.801922377831057,0.999403527134145,0.411466278123697,RRFglobal
1.21583451587005,0.998830837873086,0.461391839718838,RRFglobal
0.826537861247605,0.999453548445521,0.423295300965569,RRFglobal
0.919812860835793,0.999369588195875,0.43031020517889,RRFglobal
1.00418786871761,0.999273618010072,0.470142579564004,RRFglobal
1.1400400719118,0.999047708824694,0.493879730194765,RRFglobal
0.801497817861189,0.999460744714068,0.378625123293639,RRFglobal
0.963586825169894,0.9993230066868,0.439313241533106,RRFglobal
0.875900488569291,0.999375920625674,0.461026967179329,RRFglobal
12.6153683079558,0.882550921472518,7.6766747333222,partDSA
12.2592228095441,0.883793867128206,7.60567414298274,partDSA
11.3601339857031,0.906499469639118,7.34860637924382,partDSA
11.7420106096185,0.89555190065403,10.1750755655026,partDSA
11.750706079075,0.907905990528577,7.61700059888129,partDSA
11.3133754320262,0.914582037866647,9.71693956202336,partDSA
11.2466829970731,0.921784795863843,7.41101353992451,partDSA
11.24243233538,0.920860184440055,9.59648862398208,partDSA
12.4891107580679,0.892204770441007,7.7886889356505,partDSA
11.2841419271431,0.911567183574404,9.80334854285977,partDSA
11.9004883816455,0.911439964863391,10.1258569295069,partDSA
11.125780154374,0.884372637514059,9.64308987341368,partDSA
11.0255562185143,0.916893344035723,9.5924555994166,partDSA
10.9707132556719,0.890679133412775,6.98747794256841,partDSA
12.0635348861883,0.886171609674423,7.83173584817626,partDSA
11.3330697668489,0.906401184896957,9.78927178939528,partDSA
10.854470312865,0.891153874579941,9.33135847475191,partDSA
13.781388733592,0.853490303985473,7.92472781432652,partDSA
11.2377639429014,0.898818044064065,9.66684696079753,partDSA
11.6677931666657,0.899193497346945,9.83398251245912,partDSA
10.9731196192139,0.913273363369181,9.72026804156156,partDSA
12.076331156019,0.89471772381768,7.66880063468956,partDSA
11.9209288268268,0.87924806811575,7.31196388493953,partDSA
12.3102698802612,0.889839137719885,7.66061620757065,partDSA
11.2043007086834,0.897841474347734,9.56216361437471,partDSA
30.4529045325582,0.157133644854072,23.3064274210156,penalized
31.478577581188,0.12592627344281,25.9385032304202,penalized
32.4536862255491,0.177868082978796,25.7193339986277,penalized
32.529892809775,0.163281732379316,25.6336562931164,penalized
34.1960306591854,0.187053087143092,27.3380269824017,penalized
32.8226429327799,0.211405542255565,25.6668644499141,penalized
32.5054948750208,0.155468970984064,25.7867621225251,penalized
33.6797598472069,0.159371977618371,26.3402367476282,penalized
32.9979677578528,0.178051490400166,26.6653878301192,penalized
32.9403654167732,0.169351664525286,25.7132847657041,penalized
35.6165991760666,0.184049417776255,25.8942693346628,penalized
33.4571270750955,0.194284805398805,25.7806173054571,penalized
30.7533601968161,0.135097836846672,25.2509049133533,penalized
34.6087045028778,0.221098067048166,25.8023063090381,penalized
35.7994869276509,0.216820608564195,26.8254627796034,penalized
33.3980131588807,0.188968288589388,25.6388364042574,penalized
31.9046263639806,0.153637503011644,26.2501001342368,penalized
32.6403106201935,0.170693108157702,25.593571247055,penalized
33.7817033909586,0.218501754584792,25.482230403294,penalized
34.2457674916649,0.190482568982739,26.1724342164864,penalized
33.0694621944172,0.196955842528904,26.6870376613643,penalized
33.3547919653075,0.178001470336865,25.8736146224036,penalized
35.1438172885765,0.190675869178562,26.2301809626366,penalized
35.9507885416167,0.215470942083682,26.3965524688699,penalized
32.4484031253919,0.152970735421782,26.7370032501821,penalized
33.0694416347031,0.196955842528904,26.6876521376126,plsRglm
30.4529203436287,0.157133644854072,23.3070560868733,plsRglm
32.4485767517157,0.152970735421782,26.7377279921357,plsRglm
32.4536946037495,0.177868082978796,25.7199226173267,plsRglm
31.478818084687,0.125926273442809,25.9392771478411,plsRglm
34.2456270012625,0.190482568982739,26.1730112363125,plsRglm
34.1960483935621,0.187053087143092,27.3387133426176,plsRglm
32.8225686527959,0.211405542255565,25.6674916624506,plsRglm
32.529965307194,0.163281732379316,25.6343618079431,plsRglm
35.9505544629135,0.215470942083682,26.3970859108726,plsRglm
32.9980124668568,0.178051490400166,26.6660696524795,plsRglm
32.9403631223666,0.169351664525286,25.7139493767827,plsRglm
32.5055732300765,0.155468970984064,25.7875057057129,plsRglm
33.6798220065488,0.159371977618371,26.3410126845371,plsRglm
32.6403320747229,0.170693108157702,25.5942456218447,plsRglm
34.6084850285739,0.221098067048166,25.8028259807088,plsRglm
35.6164083058606,0.184049417776255,25.8948386532073,plsRglm
33.4570201318364,0.194284805398805,25.7811458902101,plsRglm
30.7535673391213,0.135097836846672,25.2516926346948,plsRglm
35.1436449782528,0.190675869178562,26.2307547851975,plsRglm
35.7992619070809,0.216820608564195,26.8259966211717,plsRglm
33.3979433599443,0.188968288589388,25.6394524768644,plsRglm
31.904862140562,0.153637503011644,26.250872284342,plsRglm
33.3547586011538,0.178001470336865,25.8742609624032,plsRglm
33.7814998814606,0.218501754584792,25.4826926424452,plsRglm
1.02547591664513,0.99925290326111,0.541033092876479,qrf
1.17324980120962,0.999080587527595,0.542665136199152,qrf
1.21119670580967,0.998971061396127,0.566987466705202,qrf
0.902793273756049,0.999244794434967,0.491923912829133,qrf
0.977379266881212,0.99926837019955,0.53505613677914,qrf
0.885209046870665,0.999474656355135,0.490924961375977,qrf
1.45520764249261,0.998670724020519,0.592914177729872,qrf
1.30014965440661,0.998929565163561,0.631105610889647,qrf
1.20308948020918,0.998912657604688,0.589041151778136,qrf
1.42257445141579,0.998442893327052,0.631615622797087,qrf
0.86836356374686,0.999498904037183,0.49321702985697,qrf
1.21247498269818,0.99897551308972,0.590591201058356,qrf
1.11455955064387,0.99913796239782,0.539049877466677,qrf
1.12881500435735,0.999063640035149,0.559985575876823,qrf
1.06856048283421,0.999093550300008,0.509088843809152,qrf
1.24653126436549,0.998864778419031,0.572019927753873,qrf
1.05059987432919,0.999096001760536,0.544291464505507,qrf
0.869745912514882,0.99941037842529,0.495886878115786,qrf
1.16131597659076,0.99893138910579,0.522682917735609,qrf
1.08430447546383,0.999154125191408,0.526399934446153,qrf
1.01712888145493,0.999242492478482,0.525965198886695,qrf
0.778829437554179,0.999448858870192,0.457482194409067,qrf
0.889294202169464,0.999266569829334,0.478420122444588,qrf
1.15673534933446,0.999029140674401,0.560457617878299,qrf
0.971706846098313,0.999211453513948,0.48959033434799,qrf
0.791341837824437,0.99955672409624,0.40562441606126,rf
0.918113464752152,0.999436056081347,0.431152570036519,rf
1.16706673482173,0.99904347353958,0.495343703202441,rf
0.761884827253438,0.999455323644024,0.408392213980107,rf
0.866994874003712,0.999422347684121,0.45217814352988,rf
0.773964366998657,0.999598547505655,0.405220797929889,rf
1.07496690412462,0.999274712630142,0.478748111546706,rf
1.16368082070902,0.999137880568846,0.523070190483375,rf
1.05022850289375,0.999167530206396,0.466235398106222,rf
1.17426914669034,0.998940441219923,0.496832409792235,rf
0.750702524759574,0.99962693504271,0.406129395126294,rf
0.991199895183645,0.999315089815379,0.496293047826622,rf
1.03749405256034,0.999257919729673,0.435556864954702,rf
1.10567117270728,0.999100393290565,0.484392268547787,rf
0.836285047736105,0.999440326728719,0.426208119866855,rf
1.11423912051463,0.999090241413674,0.496022055752412,rf
0.846168312040526,0.99941673884511,0.453410522909815,rf
0.741429445729471,0.999571756784377,0.410431418172166,rf
1.19613036998364,0.998868139172726,0.457632722316212,rf
0.969444078817716,0.999323709569609,0.460271379350799,rf
0.954988549376422,0.999333340792278,0.441214901013461,rf
0.705116110134321,0.999550134210635,0.386185289635231,rf
0.793493662287749,0.999415961260704,0.405905604864953,rf
0.896679752820465,0.99940129033829,0.429107267412726,rf
0.816812323898797,0.999442310345503,0.382016866798726,rf
3.48074660163566,0.990144024136054,2.22467393028929,qrnn
3.75772105584867,0.987302731752776,2.34958565994533,qrnn
3.92254716195836,0.98607751167435,2.45793451152309,qrnn
3.78521022284949,0.9901023494136,2.38163525850354,qrnn
4.02739354690836,0.987379820401599,2.56317995357326,qrnn
3.53915560404845,0.990191419656368,2.25208184432601,qrnn
3.25568115539779,0.991968379532743,1.92988886263618,qrnn
3.83644979826205,0.989328808363338,2.54867857213253,qrnn
4.0877353861874,0.98663990175546,2.54852334249507,qrnn
3.81307055646145,0.989201469355035,2.35831242141589,qrnn
3.99249882107653,0.989856036384885,2.56404579119325,qrnn
4.36628558219314,0.98646203619168,2.77121507172862,qrnn
3.86810646762624,0.990345865566896,2.40667340665722,qrnn
3.39344402515219,0.991820715432544,2.11907022677662,qrnn
3.84165314064746,0.986301291534732,2.39818567777534,qrnn
3.24031450022881,0.992969743931923,2.13002774716925,qrnn
3.97141002604185,0.99012731443434,2.4656629837421,qrnn
3.68989361515881,0.990151783561331,2.2879898908652,qrnn
3.90356106687215,0.987044453647296,2.42222347302381,qrnn
3.81011355981572,0.988785039788158,2.44495284375385,qrnn
4.99705993872297,0.983051374960199,3.01076835628823,qrnn
3.64998494818055,0.99074311739303,2.26876622115214,qrnn
3.39410317207486,0.991540737747494,2.15332241220585,qrnn
4.27018515328421,0.986840566383202,2.66208688491857,qrnn
4.33206647683988,0.987657129427279,2.85504837167652,qrnn
5.66351758078167,0.976026957608468,3.88971897671929,rpart
8.13010516192413,0.948668136528229,5.39644125735606,rpart
5.77259854799086,0.975496168752639,4.21074870357463,rpart
9.10749282214137,0.938516765637591,5.79120878041019,rpart
5.21591355252739,0.981788087678683,4.00700676347318,rpart
5.892577592664,0.976868601996607,4.29312008478139,rpart
5.51953916419416,0.980730528109167,4.04343098702457,rpart
8.55251772979334,0.954258549604304,5.70688652980157,rpart
9.13810541120485,0.943460831400324,5.59645765591011,rpart
8.52778668421195,0.9492829359605,5.49477904943389,rpart
9.40997277493135,0.943529993540435,5.9871960773075,rpart
5.71762607173303,0.969300888050776,4.13210668679609,rpart
8.05910714635827,0.955897816402056,5.29189046614545,rpart
7.20450576244252,0.95315209077473,4.76291690182777,rpart
8.16120920249963,0.948361839188771,5.27694115474152,rpart
7.58682023978091,0.957794259862707,4.62235649635927,rpart
5.19643328098145,0.975144699368145,3.82862437243719,rpart
8.05581255244748,0.950229296046069,5.07638773273449,rpart
8.39436052300353,0.943625002574667,5.54207926717585,rpart
8.19273050303084,0.951223804085224,4.82075680665297,rpart
5.58806995218769,0.97742247136086,3.97731100099392,rpart
8.9126500830837,0.942295192861018,5.50427784263677,rpart
9.03454711306894,0.932601864083097,5.35303548160487,rpart
5.77343401987185,0.975497127064734,4.01563189820558,rpart
7.54701922016217,0.955034143454017,4.5514910580725,rpart
5.77259854799086,0.975496168752639,4.21074870357463,rpart1SE
5.892577592664,0.976868601996607,4.29312008478139,rpart1SE
5.83932731120473,0.976214887471989,4.04847301642,rpart1SE
5.71762607173303,0.969300888050776,4.13210668679609,rpart1SE
6.25809261104685,0.970165145629412,4.38202965677674,rpart1SE
5.21591355252739,0.981788087678683,4.00700676347318,rpart1SE
5.90665598082312,0.978130521692245,4.30896813675883,rpart1SE
8.709161393767,0.951969271740391,5.24776832044808,rpart1SE
5.66351758078167,0.976026957608468,3.88971897671929,rpart1SE
8.39013999434944,0.948017788254232,5.01123249787287,rpart1SE
5.51953916419416,0.980730528109167,4.04343098702457,rpart1SE
5.38408106946773,0.979976722410657,3.9940322856604,rpart1SE
5.6318418697369,0.977948440147351,4.02558359034079,rpart1SE
7.58682023978091,0.957794259862707,4.62235649635927,rpart1SE
7.30990835973656,0.957434917340721,4.7391708772049,rpart1SE
5.57662224581575,0.977216916743817,4.04267028149413,rpart1SE
7.54701922016217,0.955034143454017,4.5514910580725,rpart1SE
5.95305758500221,0.972467726576689,4.11448515677408,rpart1SE
7.10172990531813,0.960287835397924,4.44512104284621,rpart1SE
5.58806995218769,0.97742247136086,3.97731100099392,rpart1SE
5.77343401987185,0.975497127064734,4.01563189820558,rpart1SE
5.43736094057357,0.973257863035422,3.94730035481766,rpart1SE
5.19643328098145,0.975144699368145,3.82862437243719,rpart1SE
8.19273050303084,0.951223804085224,4.82075680665297,rpart1SE
8.33942384567712,0.941836672804554,4.61822330611411,rpart1SE
5.66351758078167,0.976026957608468,3.88971897671929,rpart2
6.25809261104685,0.970165145629412,4.38202965677674,rpart2
5.77259854799086,0.975496168752639,4.21074870357463,rpart2
8.39013999434944,0.948017788254232,5.01123249787287,rpart2
5.21591355252739,0.981788087678683,4.00700676347318,rpart2
5.892577592664,0.976868601996607,4.29312008478139,rpart2
5.51953916419416,0.980730528109167,4.04343098702457,rpart2
5.90665598082312,0.978130521692245,4.30896813675883,rpart2
5.83932731120473,0.976214887471989,4.04847301642,rpart2
5.38408106946773,0.979976722410657,3.9940322856604,rpart2
8.709161393767,0.951969271740391,5.24776832044808,rpart2
5.71762607173303,0.969300888050776,4.13210668679609,rpart2
5.6318418697369,0.977948440147351,4.02558359034079,rpart2
5.43736094057357,0.973257863035422,3.94730035481766,rpart2
5.95305758500221,0.972467726576689,4.11448515677408,rpart2
7.58682023978091,0.957794259862707,4.62235649635927,rpart2
5.19643328098145,0.975144699368145,3.82862437243719,rpart2
7.10172990531813,0.960287835397924,4.44512104284621,rpart2
7.30990835973656,0.957434917340721,4.7391708772049,rpart2
8.19273050303084,0.951223804085224,4.82075680665297,rpart2
5.58806995218769,0.97742247136086,3.97731100099392,rpart2
5.57662224581575,0.977216916743817,4.04267028149413,rpart2
8.33942384567712,0.941836672804554,4.61822330611411,rpart2
5.77343401987185,0.975497127064734,4.01563189820558,rpart2
7.54701922016217,0.955034143454017,4.5514910580725,rpart2
35.9505544629135,0.215470942083682,26.3970859108726,spls
30.7535673391213,0.135097836846672,25.2516926346948,spls
32.9980124668568,0.178051490400166,26.6660696524795,spls
32.6403320747229,0.170693108157702,25.5942456218446,spls
33.3547586011538,0.178001470336865,25.8742609624032,spls
32.9403631223666,0.169351664525286,25.7139493767827,spls
34.6084850285739,0.221098067048166,25.8028259807088,spls
35.1436449782528,0.190675869178562,26.2307547851975,spls
35.6164083058606,0.184049417776255,25.8948386532073,spls
35.7992619070809,0.216820608564195,26.8259966211717,spls
33.7814998814606,0.218501754584792,25.4826926424452,spls
34.2456270012625,0.190482568982739,26.1730112363126,spls
33.0694416347031,0.196955842528904,26.6876521376126,spls
32.4485767517157,0.152970735421782,26.7377279921357,spls
34.1960483935621,0.187053087143092,27.3387133426176,spls
30.4529203436287,0.157133644854072,23.3070560868733,spls
32.4536946037495,0.177868082978796,25.7199226173267,spls
32.8225686527959,0.211405542255565,25.6674916624505,spls
31.478818084687,0.125926273442809,25.9392771478411,spls
32.529965307194,0.163281732379316,25.6343618079432,spls
32.5055732300765,0.155468970984064,25.7875057057129,spls
33.6798220065488,0.159371977618371,26.3410126845371,spls
33.4570201318364,0.194284805398805,25.7811458902101,spls
33.3979433599443,0.188968288589388,25.6394524768644,spls
31.904862140562,0.153637503011644,26.250872284342,spls
34.2571154338366,0.190482568982739,26.1346663049485,svmLinear3
32.5044965957443,0.163281732379316,25.4399582059773,svmLinear3
33.356440789037,0.178001470336865,26.1906550935972,svmLinear3
34.6355953517758,0.221098067048166,25.7595255956281,svmLinear3
35.0323091989002,0.190675869178562,26.4516657148371,svmLinear3
34.1945933358738,0.187053087143092,27.3051610335228,svmLinear3
33.7932451061669,0.218501754584792,25.4681931304308,svmLinear3
33.457328293835,0.194284805398805,25.7793623616804,svmLinear3
30.7328357700365,0.135097836846672,25.1982485926524,svmLinear3
35.8281705222387,0.216820608564195,26.7766444302246,svmLinear3
32.6380211342257,0.170693108157702,25.5540680702083,svmLinear3
32.8542245011324,0.211405542255565,25.5600231031816,svmLinear3
31.417643235773,0.12592627344281,25.8213516436837,svmLinear3
33.069126249003,0.196955842528904,26.6601285603592,svmLinear3
32.9461200671698,0.169351664525286,25.6873695869021,svmLinear3
35.9735338006729,0.215470942083682,26.3716712283022,svmLinear3
32.4963422986987,0.152970735421782,26.8542895429543,svmLinear3
32.5009104555271,0.155468970984064,25.7524681815209,svmLinear3
33.6801223437368,0.159371977618371,26.3110110202737,svmLinear3
30.4517434024988,0.157133644854072,23.2908049934421,svmLinear3
35.479300524167,0.184049417776255,26.0866905194868,svmLinear3
33.0469876733832,0.178051490400166,26.8967831474276,svmLinear3
32.439287563312,0.177868082978796,25.6093541741928,svmLinear3
33.4257543211407,0.188968288589387,25.5366251958424,svmLinear3
31.9017649918812,0.153637503011644,26.242043841921,svmLinear3
0.702674854098454,0.999557127676191,0.420605168968144,xgbLinear
0.824175328504099,0.999476777249998,0.46653411381818,xgbLinear
0.830513738831248,0.999360175588883,0.464670839438099,xgbLinear
0.866125097172337,0.99941045491613,0.45108589711564,xgbLinear
0.985778609297685,0.999221944154716,0.498493850275732,xgbLinear
1.06188936360637,0.999172590683112,0.518017869542527,xgbLinear
1.12812606071496,0.998991871198553,0.502982271431188,xgbLinear
0.856965426121562,0.999509179312615,0.469203838689783,xgbLinear
0.96947937972023,0.999301398187379,0.495631203267079,xgbLinear
1.07390897988779,0.999203230380959,0.507013300382239,xgbLinear
1.20087915533136,0.998891490806613,0.558243851490063,xgbLinear
0.879800868136151,0.999396602379324,0.481616347490251,xgbLinear
0.812811854616636,0.999559742692378,0.447766893771947,xgbLinear
0.955498652428153,0.999341241615912,0.478160541947302,xgbLinear
1.03379462789332,0.999209736747972,0.521584270097302,xgbLinear
0.835635952308147,0.999403770678508,0.44072562420672,xgbLinear
1.06989237590055,0.999236459802944,0.505132328640832,xgbLinear
1.17522071197657,0.999135557153755,0.515422688976621,xgbLinear
1.08547268290097,0.999138711346639,0.510553214233726,xgbLinear
1.11956170395732,0.999200435729939,0.550707133654473,xgbLinear
0.843530838661392,0.999358816350594,0.450703671221939,xgbLinear
0.910906772477678,0.99940641459602,0.485505320751223,xgbLinear
0.926309356375259,0.999396421792482,0.496371118279994,xgbLinear
1.06007372583059,0.999216413484534,0.517273806158019,xgbLinear
0.933837807686041,0.999361943262401,0.484186674252167,xgbLinear
1.0602352321249,0.999189515233572,0.530069588038431,xgbTree
0.903877591546274,0.999302885987637,0.497408455443029,xgbTree
0.863415811873381,0.999430544339778,0.488007099192674,xgbTree
1.02535485819132,0.999238075119627,0.529509307313832,xgbTree
0.907678272223796,0.99935234391593,0.5005450224615,xgbTree
1.14929257580755,0.998952914445669,0.523146118226008,xgbTree
1.05417119127584,0.999119495292245,0.547210749298981,xgbTree
1.25940004445858,0.999008832267257,0.57759475147062,xgbTree
0.944635264909506,0.999304804456295,0.547559558630566,xgbTree
1.14180880536481,0.999029298115669,0.563322685899784,xgbTree
1.16161405281738,0.999145009506923,0.605260455583878,xgbTree
0.771639106187957,0.999467365950846,0.457861988463078,xgbTree
0.917553006003828,0.999436676440289,0.511484446858302,xgbTree
1.12286151154275,0.999072931942862,0.576606454768963,xgbTree
0.884683426699939,0.999274353096704,0.495366880359652,xgbTree
1.16235659470382,0.998961375142672,0.592657335345242,xgbTree
0.9834873024572,0.999293514302807,0.517277343636237,xgbTree
0.950761213349743,0.999195160820895,0.52166189309613,xgbTree
1.04431131177508,0.999244863809101,0.535538082922703,xgbTree
1.14154838659792,0.999092756584298,0.569670537093404,xgbTree
1.08590981609588,0.999125345850812,0.553526182834887,xgbTree
0.959925459661914,0.999356128292406,0.548043780388388,xgbTree
0.955838834097154,0.99935743392946,0.531920013470999,xgbTree
1.1542520182134,0.999108819507422,0.567264718113965,xgbTree
0.822793362598501,0.999550768144046,0.472215139665564,xgbTree
